timestamp,accel_x,accel_y,accel_z,mag_x,mag_y,mag_z,gyro_z
2024-01-01 00:00:00.000,0.021124444249193543,0.908436837423581,9.795447508207912,18.399060299256718,6.964473990550949,44.9935444702213,0.3938000040706219
2024-01-01 00:00:00.020,-0.02418725568863162,0.9199834723900122,9.79923032697843,18.265122257832196,6.924730204724781,45.200018053083255,0.39111060169863204
2024-01-01 00:00:00.040,-0.009321333144276786,1.0096926928501375,9.803657212963607,18.115116750655154,6.758501535061358,45.16703826383566,0.39469147230272605
2024-01-01 00:00:00.060,-0.11192977039753428,0.949782722403822,9.703211694406404,18.144034680191716,6.698904245193667,44.99768760237,0.3950716993438954
2024-01-01 00:00:00.080,-0.14495491575115385,1.0016988132732505,9.728609664188747,17.501869145105907,6.820784357722896,45.39588965078446,0.3892884995338053
2024-01-01 00:00:00.100,-0.19256583264180488,1.0575925763451062,9.709801640655595,17.61487393925933,6.941137141929135,45.06646418703119,0.3905862108973885
2024-01-01 00:00:00.120,-0.242175331836743,1.1039209919012942,9.718290828841889,17.541913709386474,6.935191812459392,45.37439700404515,0.3934462507174477
2024-01-01 00:00:00.140,-0.24058120011309103,1.063412358030826,9.763918197355288,17.27424610282677,6.529373644745748,45.485591360683046,0.3925580847264258
2024-01-01 00:00:00.160,-0.2716486726599953,1.1193483048988644,9.771646122320801,17.129704020985344,6.797112667090603,45.97150216406457,0.39315696759610436
2024-01-01 00:00:00.180,-0.37693019059749633,1.1494980468455185,9.71545194990781,16.974459272376397,6.8087694468456625,45.77732111369146,0.3914844820559658
2024-01-01 00:00:00.200,-0.3723194682408707,1.142633616225096,9.752084860148072,17.132939420099838,6.448361126658593,45.86764170796876,0.3949493658608386
2024-01-01 00:00:00.220,-0.40761986685453444,1.1281862849609907,9.693373358683314,16.768619867562418,6.877841207018528,46.051551009224404,0.3947461537819712
2024-01-01 00:00:00.240,-0.42907055916791187,1.1775032322886447,9.76453152088639,16.450548154500122,6.484318438200691,45.94530453422553,0.39332263130623574
2024-01-01 00:00:00.260,-0.493975205102555,1.1480110822259515,9.755060606842806,16.324989856799892,6.412499499338065,46.07977948903995,0.395445052325049
2024-01-01 00:00:00.280,-0.5410064615098565,1.218471166534751,9.702528276747291,16.28107823919623,6.2148190451453384,46.20092779072883,0.394125588595617
2024-01-01 00:00:00.300,-0.5176885787568886,1.1997634989128585,9.707556672965437,16.142950903078667,5.8579460574194915,46.32550732979123,0.39147198498534647
2024-01-01 00:00:00.320,-0.600766900600193,1.2109458614991209,9.723178281541538,15.770942005817425,5.867160334434532,46.29156986309123,0.39392807147927794
2024-01-01 00:00:00.340,-0.5924465632629544,1.2464471143818066,9.720559333443491,15.769055970073579,5.913724041889841,46.49949762070057,0.39127280470945497
2024-01-01 00:00:00.360,-0.7599316377034279,1.2772388433206718,9.694619089830146,15.392571920658568,5.890170198580164,46.36129694054145,0.39494747051372747
2024-01-01 00:00:00.380,-0.7384698458498697,1.327889477440888,9.689395177826965,15.423625615930863,5.925706620720809,46.371676621091346,0.3930907180891404
2024-01-01 00:00:00.400,-0.7555177530690579,1.3009604171277145,9.636720953378726,15.375298574401443,5.8251823919547725,46.31252238185304,0.39282084518402244
2024-01-01 00:00:00.420,-0.8202342958758264,1.3577278173205616,9.62584477711288,14.808287836061783,5.744915506408674,46.63621882094561,0.3918287108223051
2024-01-01 00:00:00.440,-0.8451388671768711,1.3333084449697958,9.736248978988847,14.921412897785746,5.672760224641424,46.775818550616115,0.395635652588461
2024-01-01 00:00:00.460,-0.8347501686016491,1.3447739269315515,9.717756268906815,14.913402860908732,5.439635480761643,46.63835639576081,0.392881510946976
2024-01-01 00:00:00.480,-0.9154576207861561,1.4077328155290383,9.632423044580838,14.441117709339649,5.578118462131688,47.07258518873576,0.39233391426678743
2024-01-01 00:00:00.500,-0.8962441651260566,1.3810262768725552,9.63679527504828,14.373858865595722,5.087128656440845,46.70143561111599,0.39248630281013647
2024-01-01 00:00:00.520,-0.9699128348172811,1.417058749482394,9.647166196168337,14.146681665334828,5.30543682076643,46.96644598445029,0.39425518828221967
2024-01-01 00:00:00.540,-0.9814844894771425,1.4065524887819547,9.674880042655001,14.110186896678783,5.268143638537156,47.25523165223751,0.39392145803984113
2024-01-01 00:00:00.560,-1.0192801013646244,1.4372923919177176,9.637194460445981,13.835496075198245,5.110451459158227,47.23922423037887,0.39401603513430494
2024-01-01 00:00:00.580,-1.0621745583086755,1.4704776081823645,9.706368752138966,13.538838856097229,5.222217989881968,47.25175353461561,0.3940522119171287
2024-01-01 00:00:00.600,-1.072433883039194,1.4978700608292468,9.731165816037969,13.57919391852968,5.325029815279898,47.21141292689336,0.3974738651128539
2024-01-01 00:00:00.620,-1.1187465901763152,1.4975188909798907,9.653548515968332,13.742369737617109,4.975044695761664,47.180941901653064,0.39237773987834373
2024-01-01 00:00:00.640,-1.1978078474846838,1.4838191017267413,9.611087731308027,13.275768090746233,4.76852847095416,47.32683980966322,0.3921660844529705
2024-01-01 00:00:00.660,-1.1811202881841179,1.5058333877239536,9.62419665102966,13.156781375686355,4.933431424994038,47.412727644098226,0.3915630244546172
2024-01-01 00:00:00.680,-1.20062296801048,1.5506401768909537,9.608913177231413,13.07732494096028,4.942860594732436,47.787271410442,0.39442252875626393
2024-01-01 00:00:00.700,-1.2857242679245795,1.5722542112642668,9.630639509024295,12.840705793014827,4.891889201189838,47.35478704558584,0.3954485144965547
2024-01-01 00:00:00.720,-1.3458617941867437,1.5420137577052806,9.605994753475686,12.545829261402256,4.474453660566867,47.71916287970705,0.39296267499580323
2024-01-01 00:00:00.740,-1.3060228052017424,1.5916848052797308,9.603107028318586,12.3402109336166,4.495688639760572,48.047253792572064,0.3915102569571879
2024-01-01 00:00:00.760,-1.3431999876814464,1.5790391905485632,9.567894437177763,12.233124505624785,4.49775684954491,47.792997554296065,0.3915416074797305
2024-01-01 00:00:00.780,-1.3996134623172776,1.5901771294165552,9.580554909179973,12.10288387576247,4.350623811791247,47.957244870487045,0.39449175548676235
2024-01-01 00:00:00.800,-1.4790016394604668,1.5899332973098084,9.576737528003674,12.099606496606063,4.50981144914457,47.99783218294503,0.39467707825351983
2024-01-01 00:00:00.820,-1.46116779936293,1.6064607719259603,9.58312358767258,11.846913426817903,4.001991872580485,47.998822464152084,0.39427687844772336
2024-01-01 00:00:00.840,-1.51501362629164,1.576788453785982,9.551453325736025,11.733631469717054,4.215364958842471,48.10357002032151,0.3918595504965356
2024-01-01 00:00:00.860,-1.4892584105118825,1.6877764237870583,9.578764612373487,11.5601371064302,4.068852789953803,48.310897334367326,0.3936548925572464
2024-01-01 00:00:00.880,-1.5853782856691288,1.6414542071762228,9.556395617781167,11.305702403534687,3.850562600644236,48.239437715928986,0.3934239415293944
2024-01-01 00:00:00.900,-1.5647557663840985,1.6756345011722973,9.514580126472874,10.658407242563143,3.868933008339832,47.69918664432148,0.393627947104571
2024-01-01 00:00:00.920,-1.596486052186071,1.6828494733356776,9.56026163555179,10.675798430365342,3.7857436274259553,48.374632086871124,0.3949334274670093
2024-01-01 00:00:00.940,-1.6505476971948985,1.670423389359561,9.447787507508874,10.596944666494291,3.5165291337904336,48.56429574423378,0.3936377610086637
2024-01-01 00:00:00.960,-1.6725461500559278,1.6753375005005027,9.491741361794187,10.536410313554676,3.864029404058874,48.41328756764709,0.39454839703725675
2024-01-01 00:00:00.980,-1.6760378910713394,1.6994367036947848,9.44800136620837,10.508685686824572,3.673243533165895,48.48723137442696,0.39332572805009075
2024-01-01 00:00:01.000,-1.7012164271009451,1.683063510660769,9.523825045210703,10.136397877547095,3.3162420456475035,48.51537055269207,0.3937688087084929
2024-01-01 00:00:01.020,-1.7723778073665222,1.7213644849791767,9.49426943970602,9.922154859139539,3.195176987100367,48.46164408224583,0.39445314636279005
2024-01-01 00:00:01.040,-1.7506288847868268,1.7335090400519106,9.488658381334735,10.106526852209111,3.1384505294557354,48.58193341355614,0.3902762582714016
2024-01-01 00:00:01.060,-1.8311628522389527,1.6945084392457905,9.472390272778002,9.793885842986159,3.065285195543285,48.76736767529974,0.3925512274783983
2024-01-01 00:00:01.080,-1.810223021755564,1.7293865149524357,9.502306987987062,9.502770880307754,2.772983374591281,48.89014729167159,0.3922498246025274
2024-01-01 00:00:01.100,-1.8427926558560275,1.7272456091367405,9.468907191606815,9.434807524320801,2.612942017398192,48.839718927260265,0.39191281421462626
2024-01-01 00:00:01.120,-1.851617485705665,1.7742574218003158,9.527362086579965,9.411150072508137,2.4909461605723906,48.85536772476891,0.3926402854086596
2024-01-01 00:00:01.140,-1.9019681812765712,1.770374394971993,9.477621675305551,9.298064575031397,2.670631383098189,48.96263348054684,0.39618045253358175
2024-01-01 00:00:01.160,-1.9056362258428305,1.7653812452342017,9.412259472874712,8.824304269539521,2.5568812193223684,48.86842234487255,0.39145890767972646
2024-01-01 00:00:01.180,-1.9428110032810375,1.7557631265584273,9.400915521028246,8.810916974618777,2.529389525330216,49.18077010651413,0.3951271266202959
2024-01-01 00:00:01.200,-1.9734234622887767,1.763889482567792,9.4642864037465,9.002092801116278,2.486435380403562,48.986563683907875,0.38982483036788135
2024-01-01 00:00:01.220,-1.9530972110926015,1.7752678028633366,9.433112768659937,8.636694878193909,2.2934709246810785,49.06442370051027,0.3925207998511414
2024-01-01 00:00:01.240,-2.0479590213713066,1.7943901612060418,9.44712874728791,8.455534877463446,2.1900677178533146,49.079653531267006,0.39351607604132294
2024-01-01 00:00:01.260,-1.9880455835394693,1.794419705135773,9.46105247175399,8.17997972615362,1.8912141153667847,49.22500487306499,0.3943630145738315
2024-01-01 00:00:01.280,-2.0783420870571447,1.7847279980546358,9.445227039001596,8.144627891994784,1.890119517071845,49.27087412790786,0.3946130230706987
2024-01-01 00:00:01.300,-2.002306488806452,1.843060865202851,9.417274952156314,7.944146110468715,1.8370507856897,49.26670247262923,0.39477726438151417
2024-01-01 00:00:01.320,-2.1373513073486055,1.7734413524114772,9.417028006052055,7.672763964816235,1.8233078246475434,49.17334680056534,0.39249311976661744
2024-01-01 00:00:01.340,-2.1007760324649665,1.806552799247647,9.40988932649875,7.4687874267624235,1.3323779385841503,49.132951713478846,0.3922658663257824
2024-01-01 00:00:01.360,-2.104597200862413,1.8734301194779184,9.406920758767084,7.585426923775935,1.329054422595511,49.272300437310456,0.3949065216736259
2024-01-01 00:00:01.380,-2.088691004926848,1.850464433840409,9.394388170675365,7.532619159476457,1.300937619322419,49.406015405730926,0.3928079612613511
2024-01-01 00:00:01.400,-2.1105760697604343,1.8257560341924675,9.477437734439917,7.3647442955854165,1.2210297715786582,49.077264183600164,0.3906391972644385
2024-01-01 00:00:01.420,-2.1476775442019886,1.8711769736206783,9.404048101918654,7.113782288029441,0.6790628090474387,49.43278104745753,0.3909239954831046
2024-01-01 00:00:01.440,-2.1185146973174938,1.8879288616274437,9.33557342503541,7.034530650205184,1.039243373216562,49.63849816591294,0.39135166533910837
2024-01-01 00:00:01.460,-2.14807847594787,1.8580875211697994,9.382512639858223,6.93404584357298,0.6825164452614914,49.565174560029845,0.39418489139922186
2024-01-01 00:00:01.480,-2.243370985126868,1.8880210288542802,9.355476555557313,6.6944983069694075,0.6313604594656149,49.67143521569163,0.3934754213832555
2024-01-01 00:00:01.500,-2.216252873705724,1.8673928570726954,9.42863866676749,6.56175404908514,0.6252658079539047,49.655307064808326,0.3945715406192471
2024-01-01 00:00:01.520,-2.1735055307229385,1.8807529314231843,9.368832476582677,6.375636359755535,0.5221933320789522,49.68773251053135,0.3923360646184385
2024-01-01 00:00:01.540,-2.2573398724486076,1.9157408257387047,9.353228308541361,6.4093042195938335,0.1323114909957667,49.48238700660166,0.39350764929326776
2024-01-01 00:00:01.560,-2.271385023926384,1.914883455231279,9.343290988585109,6.190273301224741,0.19746102764778586,49.495315320390205,0.394441750699049
2024-01-01 00:00:01.580,-2.27192829342192,1.8408138467809916,9.377074291346116,6.215225427940873,-0.20191271395556615,49.634512142511134,0.3925718768316711
2024-01-01 00:00:01.600,-2.224060245213446,1.912380432997232,9.396478865860741,6.0465106894622505,0.21827205806024091,49.48406199630956,0.39410412038622916
2024-01-01 00:00:01.620,-2.3185973859800186,1.9000874282010485,9.321177080358549,6.133139234335333,-0.2599893683044635,49.776947165252416,0.39186671802898104
2024-01-01 00:00:01.640,-2.3104105203916134,1.9181821159838641,9.349547005377273,5.814189972758802,-0.35083812378757406,49.71590739907132,0.3924644622179814
2024-01-01 00:00:01.660,-2.3557530090241054,1.8573475225867508,9.302254198548846,5.900490957730129,-0.6222049602228832,49.9315626150094,0.3924270941231149
2024-01-01 00:00:01.680,-2.3078573677286403,1.960262905354176,9.381938365424306,5.47353567854979,-0.7000571293352779,49.622780588743275,0.3907988906199363
2024-01-01 00:00:01.700,-2.388136683363333,1.9422915554484084,9.366713306204014,5.528129122005375,-0.6126252638529194,49.79290123411003,0.3941645148726855
2024-01-01 00:00:01.720,-2.3856995158484686,1.8916424428848848,9.369227065873995,5.3219199245881175,-1.1360426960339491,49.79012452849163,0.3922517652307061
2024-01-01 00:00:01.740,-2.330336424344522,1.8623113168679168,9.352609279063703,5.006017217734465,-1.246310114024988,49.877636155026295,0.39321555814856696
2024-01-01 00:00:01.760,-2.4179073161248543,1.8955120843680666,9.366538800890073,5.3381913070856735,-0.829588040621974,49.77381838667896,0.39415206322892615
2024-01-01 00:00:01.780,-2.359585850950918,1.8876085329208594,9.357382816048025,5.252968815714669,-1.3570514028484695,49.85639704298133,0.3940836322631742
2024-01-01 00:00:01.800,-2.3366716865592045,1.9420254953309262,9.355425905381512,5.001840090283053,-1.5280147685774856,49.91201381688184,0.39452134012905715
2024-01-01 00:00:01.820,-2.338669538271321,1.9246273300184225,9.33584703603892,4.776930988448688,-1.8917396800877642,49.679375283605836,0.39299359894209274
2024-01-01 00:00:01.840,-2.3730409426681254,1.895206543148579,9.29038931718959,4.8393599660970565,-1.8692715789274272,49.83606679920473,0.392343973287026
2024-01-01 00:00:01.860,-2.4084189086619885,1.893317003540214,9.333077908818693,4.647811978084016,-1.8552813895941718,49.966194396485115,0.3930311334893015
2024-01-01 00:00:01.880,-2.339985605432971,1.8997457950325654,9.355208379503216,4.455268905815878,-1.938331925710586,50.188778043388865,0.3898159010431955
2024-01-01 00:00:01.900,-2.353697270144598,1.8930480602515949,9.342411128549843,4.536986337418296,-2.124969288081,50.150057513704034,0.39029634496626814
2024-01-01 00:00:01.920,-2.3956650592666224,1.9384170583469087,9.343309289630392,4.543433770085418,-2.3286231912598385,50.06448388767276,0.39054517068640554
2024-01-01 00:00:01.940,-2.425771433574115,1.9021302685086319,9.373538643147047,4.364979089241482,-2.7360219659618097,50.08991576922333,0.3911960762559086
2024-01-01 00:00:01.960,-2.3966064003226206,1.9090178006742016,9.340530973501709,3.998767993376543,-2.8422458491012823,50.189526786167974,0.39399011836455844
2024-01-01 00:00:01.980,-2.4227952882967143,1.9089799040111757,9.282597078547553,4.245285119981391,-2.6525192414485543,49.96153696558574,0.3913796118003942
2024-01-01 00:00:02.000,-2.4104068959593987,1.9237733649950373,9.335570528032406,3.8655307758073008,-3.0651928242991233,50.025002365785745,0.39243424480303557
2024-01-01 00:00:02.020,-2.400128491015931,1.902509389763919,9.323718779697828,3.971337615112422,-3.013485110209313,49.96203217082233,0.3957890265066837
2024-01-01 00:00:02.040,-2.389387288880558,1.9062050273673385,9.304551877745434,3.9354212098009937,-3.4871390498428485,50.089412947977436,0.3924780419689887
2024-01-01 00:00:02.060,-2.3867397501235175,1.8742885028189329,9.279853313484466,3.808214039499238,-3.6075085264044233,49.99125315234766,0.3946656010480485
2024-01-01 00:00:02.080,-2.413163749998593,1.9276300983779464,9.340208081468163,3.7072567024040897,-3.6926207098793036,50.29621251905962,0.3913233345510946
2024-01-01 00:00:02.100,-2.422273441139796,1.8310720034596468,9.326742049650079,3.6492528138124336,-3.8465974761802246,49.718901013886644,0.3927796947953763
2024-01-01 00:00:02.120,-2.3321619514263325,1.8681500684140924,9.370952144624233,3.4610235146979837,-4.008229463591306,49.932773579032855,0.3912905258012904
2024-01-01 00:00:02.140,-2.3642880987629087,1.8841320072809715,9.293499165617979,3.735539991488684,-4.1530890781958085,50.23017836498929,0.39251250375931324
2024-01-01 00:00:02.160,-2.341986324456461,1.8559597539606696,9.361484269767468,3.472658368127777,-4.283153309406718,50.02398183546328,0.3948711861860291
2024-01-01 00:00:02.180,-2.3892215323735897,1.86710397708039,9.348362890348202,3.4010749557610747,-4.192100701289104,49.68888047915262,0.38973592906472687
2024-01-01 00:00:02.200,-2.3635213170760254,1.8694851971103181,9.332211121367324,3.039354159204977,-4.693355468374772,50.03765512977269,0.39405941719820325
2024-01-01 00:00:02.220,-2.3718966106803068,1.9008412380572715,9.374258953112836,3.3841526829254502,-4.703637865340296,49.975627839632025,0.3936660411157789
2024-01-01 00:00:02.240,-2.368197147780034,1.8648294846603528,9.323282452448256,3.3765071188986298,-4.78353748728424,50.05779893132309,0.39200226999972076
2024-01-01 00:00:02.260,-2.3732814092016588,1.8736613411330303,9.297395255633587,3.313016570218764,-5.061363916782209,49.94203190298058,0.39029845420233467
2024-01-01 00:00:02.280,-2.301729644013516,1.8297077222158962,9.345307949429106,3.220202164717505,-5.2505737737502605,50.02165981530424,0.3933348289265421
2024-01-01 00:00:02.300,-2.3084636533757315,1.8491390581297231,9.330178378871288,3.2853184713646115,-5.800395567637001,49.80315288051866,0.39213158449298674
2024-01-01 00:00:02.320,-2.2898734575949895,1.8292892084953811,9.32077697440491,2.8370837740870667,-5.653529441311121,49.97110493914546,0.39365592233382096
2024-01-01 00:00:02.340,-2.306580534726474,1.8612826779961276,9.412419266376387,2.7417257806828905,-5.913748634310133,49.87280636965747,0.39323427420215845
2024-01-01 00:00:02.360,-2.2694749516392387,1.777861348637106,9.38067238793849,3.291017479323529,-5.663289397037189,49.931954278968966,0.39639412769375615
2024-01-01 00:00:02.380,-2.254414828134271,1.8288412785307562,9.393502469442279,2.824331408659435,-6.274130197491573,49.6984306408302,0.3927118586561683
2024-01-01 00:00:02.400,-2.257424393508119,1.798167001148241,9.355866180216315,2.8196738634414915,-6.420231221581292,49.96200742063318,0.3911435749258678
2024-01-01 00:00:02.420,-2.3130807213724127,1.8035688085342145,9.384022520099672,2.557369423375734,-6.554239903320726,49.98626701717449,0.3935491211810242
2024-01-01 00:00:02.440,-2.2266769712899674,1.7460641869718578,9.402272052184738,2.814368363650493,-6.547281105074098,49.75429261014194,0.3936305632790579
2024-01-01 00:00:02.460,-2.168473310301099,1.7811256105685915,9.385705480629342,2.8515027527760815,-6.900440848097013,50.03484463458581,0.39590894506159524
2024-01-01 00:00:02.480,-2.206991563735443,1.832094405968519,9.361629419148743,2.68737688975708,-7.157904431549884,49.87919523954489,0.3948607924029407
2024-01-01 00:00:02.500,-2.1957668057082382,1.7392572603318854,9.380857765442173,2.711242724982978,-7.031049534695507,49.89134663768527,0.39390431202941056
2024-01-01 00:00:02.520,-2.188404488417259,1.7955597951186875,9.45636831572591,2.855445365361597,-7.143907206825695,49.8590296863852,0.3961171756935535
2024-01-01 00:00:02.540,-2.15798176998611,1.7355057365158806,9.482328957487383,2.7091936767797757,-7.177476173960891,50.17579866629005,0.3908130438024686
2024-01-01 00:00:02.560,-2.1682206428647044,1.721103297500521,9.359639943210091,2.385209811430719,-7.779488707769488,50.08782936170922,0.39191106684561483
2024-01-01 00:00:02.580,-2.0969413099215117,1.7584888214047567,9.490892721042824,2.3851199639695757,-8.01228573498264,49.774697666538835,0.3913374180283005
2024-01-01 00:00:02.600,-2.1634053628031538,1.764160920940774,9.426057331797503,2.583046246164535,-8.00307212108424,49.731749522818184,0.39241095030480005
2024-01-01 00:00:02.620,-2.079901426914656,1.661727091334602,9.473710225667997,2.3967075689924875,-8.268763239303901,49.678289391117424,0.3904371976160045
2024-01-01 00:00:02.640,-2.062326604777781,1.7005080017099012,9.454850745166437,2.81956739158738,-8.291857732102857,49.92328850316888,0.3944608718047404
2024-01-01 00:00:02.660,-2.0902014076096886,1.6745773316595773,9.42753390043234,2.3850778933480563,-8.539300740508082,49.66248005314998,0.39274612451691404
2024-01-01 00:00:02.680,-2.1036135859231258,1.7078689263779967,9.483230294797409,2.04341203615349,-8.893361948712274,49.476341318403584,0.39024895732210624
2024-01-01 00:00:02.700,-2.049352157719323,1.6822884046115547,9.445661889907957,2.0880183912207158,-9.041527391882708,49.924283797099335,0.3911594117486965
2024-01-01 00:00:02.720,-1.9982328294571194,1.6426117742172694,9.433366243172115,2.4047037876251727,-8.8444907019898,49.7639825303399,0.39381759760601753
2024-01-01 00:00:02.740,-1.9557815281669115,1.6488905477556508,9.52686325460062,2.516178077924627,-9.349329198082717,49.75691401542821,0.39486682304690035
2024-01-01 00:00:02.760,-1.9647152223070448,1.6121628908322159,9.509424030882377,2.497043951613351,-9.47705758931287,49.73743348729719,0.3971840316944951
2024-01-01 00:00:02.780,-1.9254439211781802,1.6506612106763532,9.514829131149174,2.4631003434909178,-9.649584379146267,49.45946651116827,0.3990182948431318
2024-01-01 00:00:02.800,-1.9417226460707715,1.6137187163006803,9.48053699318973,2.1924559316313106,-9.730970350367503,49.65051450045851,0.39401938877766357
2024-01-01 00:00:02.820,-1.9381443085502668,1.598081713220037,9.532409834521347,2.2445413561516308,-9.91693522917692,49.65983050334574,0.39121149367104785
2024-01-01 00:00:02.840,-1.8691022761184208,1.5538328480094816,9.452344265843847,2.450909928446847,-9.865278353208101,49.737793644835946,0.38892647734964897
2024-01-01 00:00:02.860,-1.8026021532653627,1.5795029577338902,9.486355563693946,2.2041383294346355,-10.022798507891643,49.43781040602216,0.39372599283579923
2024-01-01 00:00:02.880,-1.836615999966161,1.5256641554095858,9.55528090463675,2.508576524109546,-10.442531376753886,49.42606296404623,0.39156468772049646
2024-01-01 00:00:02.900,-1.8155718602022464,1.5985498130904088,9.520993824559861,2.0795402921476946,-10.655951883579265,49.223629040006514,0.3923598553907522
2024-01-01 00:00:02.920,-1.735817097337316,1.5525470518328692,9.551937757408554,2.4959470495541485,-10.580259002501545,49.30687844252314,0.39196637631299197
2024-01-01 00:00:02.940,-1.7315974848005513,1.55063807374391,9.543709796046473,2.3975853560484928,-11.094198049479898,49.30025331915929,0.39290898813828434
2024-01-01 00:00:02.960,-1.7341732570423105,1.5762708432981183,9.51302327930781,2.4711535443754666,-11.168809996052033,49.62282172852587,0.39532253037268683
2024-01-01 00:00:02.980,-1.7006321387234042,1.5058988937167657,9.559287014449668,2.286557526786818,-11.190774973565537,49.34307799701939,0.39350466704600223
2024-01-01 00:00:03.000,-1.6867814143648416,1.5013160533262204,9.549147801069056,2.4833667661933925,-11.58537911676548,49.28687224195028,0.39287330023703976
2024-01-01 00:00:03.020,-1.6940601012750869,1.4783592501569975,9.528206377321814,2.352948347336657,-11.821305541962355,49.35871289410729,0.39111926240545997
2024-01-01 00:00:03.040,-1.6709121295080864,1.4681564712195123,9.582875141740564,2.475219648917175,-11.784394264861485,49.454300766808615,0.38984120402170286
2024-01-01 00:00:03.060,-1.5749398292146646,1.466822522010093,9.517275384792166,2.6035994239553766,-12.10711612834568,49.243336081352645,0.3922179540929649
2024-01-01 00:00:03.080,-1.6030192437299058,1.494550745069532,9.550844376664022,2.302249314334999,-12.224711971470528,49.06031185600377,0.39308300480947495
2024-01-01 00:00:03.100,-1.5149059155235427,1.4000563470030567,9.591645637506547,2.6494377589908424,-12.350872664296089,49.07974660301722,0.3967264297382769
2024-01-01 00:00:03.120,-1.5228724459037222,1.422612926268293,9.600334794975902,2.5971234103813448,-12.908080440463824,48.77180015022915,0.3934511189540573
2024-01-01 00:00:03.140,-1.4875753900180133,1.3591478266461723,9.611216294339378,2.550094763651279,-12.750304548685046,49.07224241007534,0.3951560489331577
2024-01-01 00:00:03.160,-1.4803754042019803,1.3881491149367646,9.688898591541191,2.2453519186356248,-12.939549800942384,49.29526493652067,0.3921919787140388
2024-01-01 00:00:03.180,-1.3729783323551839,1.3813335938006832,9.614420401052527,2.582456572438186,-13.087079211280185,48.88825469975953,0.3908206823782775
2024-01-01 00:00:03.200,-1.4407653601160637,1.3043612783397023,9.66231473049135,2.415047633216911,-13.608143112365077,48.951452674966795,0.3912603363866468
2024-01-01 00:00:03.220,-1.3750519867960918,1.3070887943950638,9.625655687394824,2.6173231272228543,-13.701069612150803,48.771616130890735,0.3917401177820456
2024-01-01 00:00:03.240,-1.3516219298592833,1.2750911672286587,9.635851390348934,2.333976600743824,-13.78520498568728,48.8362101565692,0.3974475093759819
2024-01-01 00:00:03.260,-1.3145600325288012,1.273284616230213,9.620610713013097,2.212828353160629,-13.723626910884239,48.89797189157261,0.3915477965526628
2024-01-01 00:00:03.280,-1.2398570868046486,1.2719671849889622,9.645304852561816,2.5064804831396086,-14.362905780110935,48.59149261408288,0.3948675483185842
2024-01-01 00:00:03.300,-1.2050012789150515,1.257882230832307,9.648859074079967,2.748471105724374,-14.582174828321012,48.64425463406672,0.39138471555493753
2024-01-01 00:00:03.320,-1.175853917366564,1.2652004214392851,9.659262696952103,2.4066262057419383,-14.21908780311152,48.54991997252215,0.3950537159368656
2024-01-01 00:00:03.340,-1.1542910765639856,1.2045124515836363,9.644240661823712,2.664978197169183,-14.428850782503533,48.88081158320642,0.3939604718433233
2024-01-01 00:00:03.360,-1.10006908297105,1.2239287791408895,9.690018961705746,2.595338439823249,-14.630735915023706,48.33620761322232,0.39287729411579536
2024-01-01 00:00:03.380,-1.0808527037282936,1.1943858216811614,9.703458468749895,2.8263397794478573,-14.974245288211478,48.42784981212827,0.39310904485884623
2024-01-01 00:00:03.400,-1.0270689397031914,1.2025628578158447,9.685650850833477,2.6670093954993916,-15.267159156821016,48.4986957302279,0.39188099452025277
2024-01-01 00:00:03.420,-0.979073845846554,1.1641155410754283,9.713650333983239,2.8385734908777263,-15.160852674146215,48.17789500850557,0.3940827143140757
2024-01-01 00:00:03.440,-0.9775085859545172,1.146519433840779,9.678503033763967,2.6984946046915868,-15.265040962224791,48.085825041792496,0.39228060295043
2024-01-01 00:00:03.460,-0.929953170857473,1.206129865295997,9.695114969476961,2.579936256112867,-15.415880293176723,48.35878817784168,0.3907393583835771
2024-01-01 00:00:03.480,-0.9136300082837198,1.0888635241507254,9.697383234170616,2.82747196984669,-15.438895890169473,48.33877690203243,0.39063469476247786
2024-01-01 00:00:03.500,-0.8339450923808837,1.0633586856399675,9.703343411389941,2.889291594892233,-15.481086139447736,48.18612619211096,0.3935357457465558
2024-01-01 00:00:03.520,-0.892183642670632,1.041939799778846,9.671728121670501,2.6962323733062648,-15.992803873447915,48.233244666956814,0.3963487524239324
2024-01-01 00:00:03.540,-0.7896556189734886,1.1296043980239912,9.717261774146538,2.762555239067687,-16.380483781852142,48.46258186228704,0.393510553138264
2024-01-01 00:00:03.560,-0.8224431698880061,1.0533866656046342,9.711599682388588,2.9165453186766235,-16.503471588900755,48.20172810779214,0.3929532932588918
2024-01-01 00:00:03.580,-0.6970796949259611,0.9985298087180962,9.719457197720178,2.877378891926994,-16.59889744310527,48.09645148292087,0.39376222219031665
2024-01-01 00:00:03.600,-0.7048168053943299,1.0101618181549274,9.73644802853546,2.726442942639652,-16.674717831434737,48.24637915774908,0.3958025733945308
2024-01-01 00:00:03.620,-0.6776054804495527,0.9617383273084682,9.709824642158186,3.016836454688796,-16.94997912589458,47.83026400893953,0.3936293349138393
2024-01-01 00:00:03.640,-0.6138355873422833,0.8942163292213112,9.7392130403159,2.912220413582252,-17.096844421403446,47.79613656408871,0.39236871544944407
2024-01-01 00:00:03.660,-0.5658344288874567,0.9368677565579019,9.774645627599579,3.13822402148621,-17.483180137996392,47.92818488163564,0.39540314733123133
2024-01-01 00:00:03.680,-0.5532730415057165,0.9426735114900537,9.7889156002184,2.9709417631225636,-17.330330273182867,47.57552961907157,0.39404808278803477
2024-01-01 00:00:03.700,-0.5004890076934803,0.9150623301081878,9.787761726131077,3.254385675180521,-17.36290479938915,47.83384123337011,0.3962620818951091
2024-01-01 00:00:03.720,-0.48946429175656636,0.8264272752852402,9.78176670359457,2.855120257948734,-17.587442588982604,47.695604296650416,0.39355703878555537
2024-01-01 00:00:03.740,-0.42217019613898354,0.8788236506056809,9.744802244176809,2.8687988414762975,-17.876678494971085,47.63419502032382,0.3907416318476706
2024-01-01 00:00:03.760,-0.4278934368240653,0.8391322798367029,9.77431909122527,3.2202379443915023,-18.006809742785737,47.56752099794913,0.3904542515126258
2024-01-01 00:00:03.780,-0.41930598518350237,0.8156784620150666,9.72426692070033,3.3850541054401595,-18.00898050462438,47.03779957657727,0.3964924257755741
2024-01-01 00:00:03.800,-0.3530183635575714,0.8239334585639126,9.837792049864122,3.143498601589552,-18.376171306182773,47.14878240849918,0.3966379013526782
2024-01-01 00:00:03.820,-0.3229627252943834,0.7523306744289169,9.7873484300698,3.2322277873067216,-18.321829479574973,47.19208724290108,0.3928315314845519
2024-01-01 00:00:03.840,-0.1948034062207285,0.726131161050247,9.7746029198448,3.295398169033526,-18.80324779290181,47.19751497086916,0.3924241952688396
2024-01-01 00:00:03.860,-0.1634504481366621,0.7082576252200462,9.813228565917006,3.493204424357074,-18.90303109309376,47.31063565098098,0.396113458495596
2024-01-01 00:00:03.880,-0.21583336347649132,0.6928315552595117,9.744239020137085,3.0173576598329133,-18.69709554329541,47.27449506916769,0.3909764785470246
2024-01-01 00:00:03.900,-0.16473386968094278,0.7014989376503181,9.79480363297587,3.296866146694618,-19.043910353012276,46.91522814183151,0.3914011158731999
2024-01-01 00:00:03.920,-0.10415081738527432,0.6321058891412349,9.79176273842934,3.5275454387862584,-19.331623583163204,47.03852414901829,0.3944772235004952
2024-01-01 00:00:03.940,-0.04701614934538106,0.6621965093393992,9.721515877282583,3.302034473497055,-19.521872699936115,47.11561781113845,0.3924013596653924
2024-01-01 00:00:03.960,-0.04244950632301789,0.615521803676021,9.798997125990171,3.4394465592997188,-19.487708890007404,46.952249449984684,0.3931803261776714
2024-01-01 00:00:03.980,0.03317213425808812,0.5967183877777059,9.794313442634062,3.5029475143592093,-19.79792317489003,47.23006852403059,0.3928636841140681
2024-01-01 00:00:04.000,0.04383727982373512,0.559177923659586,9.839220939089751,3.2152829800778058,-19.694490500288573,47.04274368166904,0.3938657190087094
2024-01-01 00:00:04.020,0.07624904021911187,0.5424212716537061,9.811360051292944,3.346720535320958,-19.696667854652507,46.92875888793324,0.396005533633739
2024-01-01 00:00:04.040,0.18357044667765665,0.5129746657610714,9.835526404449997,3.643822794131005,-20.17315823487833,46.6886785833667,0.39337173972491507
2024-01-01 00:00:04.060,0.21224404881153355,0.4976699072836916,9.801143919011798,3.489853076532649,-20.263942049122694,46.873237566175334,0.3944784474976653
2024-01-01 00:00:04.080,0.2039017899579984,0.46943091515816654,9.833596574592933,3.5710481000188943,-20.6032384416599,46.72851148453163,0.38909022570905505
2024-01-01 00:00:04.100,0.2591463090936441,0.4616161187187482,9.774517096733499,3.7040536384849103,-20.511146425832724,46.65847160911434,0.3930931331072513
2024-01-01 00:00:04.120,0.26157770061470875,0.49624570538398416,9.803044095463639,3.5466848892972416,-20.890323638626914,46.35824964715044,0.3915041093705258
2024-01-01 00:00:04.140,0.3056793472593408,0.4521975300485457,9.81673912242441,3.3628304080232665,-20.855852829468983,46.41784688249118,0.39075294379026987
2024-01-01 00:00:04.160,0.38451092143384036,0.38238711758815663,9.798432079337957,3.562330064464996,-21.473931494913643,46.18522698048493,0.39143426517725405
2024-01-01 00:00:04.180,0.40023609155029527,0.32225642878833,9.804863918441036,3.8159551710509176,-21.268233804543605,46.36846992144567,0.39252232302970996
2024-01-01 00:00:04.200,0.45226573674639453,0.3964129401813135,9.80939407970973,3.45801978859668,-21.089427238749252,46.23495114241468,0.39502237499582915
2024-01-01 00:00:04.220,0.41131419393158963,0.31519473467508785,9.888115512442203,3.7281851777178634,-21.091785663048604,46.426334432956665,0.3905377844756324
2024-01-01 00:00:04.240,0.5451690370843181,0.2707620302461648,9.82258497174972,3.6559842473490884,-21.663766387323296,46.09251030390171,0.3932518328963004
2024-01-01 00:00:04.260,0.5346301037188796,0.23151237976843284,9.79312856078763,3.794947894071216,-21.72339386040208,46.024711130975454,0.3922222310444444
2024-01-01 00:00:04.280,0.5972128412607783,0.1929677078864463,9.76764075132707,3.9542093085899745,-21.85625000722247,46.3717954495558,0.39253522372238764
2024-01-01 00:00:04.300,0.6322079649795633,0.21386515360411465,9.81230549837709,3.762558340763766,-21.701495953856174,46.02353955926124,0.3951960855617263
2024-01-01 00:00:04.320,0.6327332829236023,0.22448828287040293,9.763105649591044,3.907322892603362,-22.206813224853565,45.78520914344364,0.39426680078511944
2024-01-01 00:00:04.340,0.7555657139003265,0.12852751329634832,9.763812748134248,3.844854882548931,-22.077305112154484,45.86291128535095,0.39586536612599704
2024-01-01 00:00:04.360,0.755740471131493,0.20684782919253691,9.80382753883744,3.595019995738802,-22.55571832889663,45.58669209118467,0.3928815585526173
2024-01-01 00:00:04.380,0.7968565127885032,0.1343569769820162,9.761189474033728,3.5339471779718505,-22.45995970981926,45.913720356137844,0.3917986846877702
2024-01-01 00:00:04.400,0.8018243411029213,0.0743773540124319,9.751046169217581,3.8071929642907767,-22.938745904541623,45.66088385350955,0.39274285227735056
2024-01-01 00:00:04.420,0.8649355556207772,0.053941064416191994,9.796243700851958,3.793875684827788,-22.40717031777412,45.41581572472192,0.393675563493654
2024-01-01 00:00:04.440,0.8499705467243315,0.07343185422665745,9.76907265471453,3.7677316679770168,-22.586151204841375,45.64714730109489,0.393543716628019
2024-01-01 00:00:04.460,0.9671441217251564,0.051162281799411825,9.817712128017606,3.917788005981946,-22.943860479077923,45.57480308717729,0.39102179376665036
2024-01-01 00:00:04.480,0.937965784993996,0.020055916855728623,9.747944163150269,3.9557827487437054,-23.200037962030663,45.603099327228236,0.3933715494743673
2024-01-01 00:00:04.500,0.9836765651480925,-0.012555932687054848,9.752175109939522,3.6379064399247287,-23.14546253528115,45.44471963154869,0.3936470265713894
2024-01-01 00:00:04.520,0.994820163084441,-0.07014398344017231,9.700171890794499,3.7549667506907256,-23.312747345022267,45.27150522009224,0.39822551798618494
2024-01-01 00:00:04.540,1.034537444363767,-0.031936488492363246,9.718665850601507,3.6890207232440084,-23.475526190938613,45.146746206637424,0.3969442591336749
2024-01-01 00:00:04.560,1.0598599677080476,-0.020030363034367303,9.74362912213564,3.8993454669713015,-23.70663756823763,45.367100343821605,0.39148408320999395
2024-01-01 00:00:04.580,1.144935328478356,-0.07745302524866773,9.778553570169391,3.6736121516776548,-23.72920005326444,45.11509394182845,0.39261580318801875
2024-01-01 00:00:04.600,1.123750646509927,-0.1265848301744299,9.705939323699228,4.048246142435814,-23.703322902879872,45.12604656831707,0.39026368590743754
2024-01-01 00:00:04.620,1.2766330117485305,-0.19039120076264002,9.718717973112058,3.9216280409460196,-24.17602475927205,45.10092024705791,0.3920091558831846
2024-01-01 00:00:04.640,1.2055476771303615,-0.21029423353272478,9.786260944635137,4.142473225579955,-23.945632027290504,45.067742082231945,0.39382177991829226
2024-01-01 00:00:04.660,1.3426518396979235,-0.20247016277157487,9.701467631150349,3.9197456246497957,-23.93512976572502,44.708700573040396,0.39560227715288804
2024-01-01 00:00:04.680,1.2357655636353855,-0.21827428602267593,9.726858261216625,3.5784864733830744,-24.140351944753323,44.85247443234979,0.3917324022356299
2024-01-01 00:00:04.700,1.3159034558816882,-0.2270094922137278,9.743349570431146,4.019551840944647,-24.320025715270454,44.62155046860261,0.39188227703097595
2024-01-01 00:00:04.720,1.377369900859893,-0.2657769907086185,9.693471780491603,3.6230370235069564,-24.784474211213254,44.82929290467337,0.38889599185163426
2024-01-01 00:00:04.740,1.4195455891223174,-0.2784995309218125,9.748082875004053,3.7740261391977703,-24.53337550138902,44.97960111685233,0.3928652380700273
2024-01-01 00:00:04.760,1.4548163744061084,-0.34404520153129164,9.673207688822695,3.969635314584503,-24.591348578402233,44.4516166716319,0.39106574108739245
2024-01-01 00:00:04.780,1.4396340193233146,-0.355529944444987,9.73358952788978,3.86852765023271,-24.576962522937983,44.7729925949339,0.3921316910563794
2024-01-01 00:00:04.800,1.503660703047916,-0.3132449617394127,9.717424613889111,3.9077157191411462,-24.927850310808356,44.983389386294725,0.39143684835478193
2024-01-01 00:00:04.820,1.5298296453687967,-0.3325326139543307,9.71412535534469,3.599594202674603,-24.731976947545057,44.385212277743676,0.3930020448026065
2024-01-01 00:00:04.840,1.5556821576541666,-0.34633719947477015,9.69790312354352,3.585415755023105,-24.706505759556684,44.55618063524091,0.3896751131283983
2024-01-01 00:00:04.860,1.5741908790077166,-0.4380308213143114,9.709868467925332,3.830799868789696,-24.98637659459468,44.537352196011874,0.3902564794203296
2024-01-01 00:00:04.880,1.6497204719528382,-0.43647498356882924,9.72226629302906,3.887630646907863,-25.143727708288417,44.244560567443884,0.3974490641351682
2024-01-01 00:00:04.900,1.582395267866855,-0.45859502353390175,9.676003531465192,3.539171209983548,-25.11020135731712,44.53038358243828,0.39061572474856904
2024-01-01 00:00:04.920,1.6481646927817566,-0.40729945586929406,9.669329958119405,3.399542258602085,-25.384517241640907,44.34401061396153,0.3909969987542023
2024-01-01 00:00:04.940,1.6858067093175744,-0.49982713704199544,9.60527789914126,3.5530413573447492,-25.563565572258014,44.29806508538987,0.3968643969677542
2024-01-01 00:00:04.960,1.7028853928784549,-0.4928034720690846,9.640483190322552,3.4701256771229745,-25.32108068322885,44.47559544514457,0.39900070424959794
2024-01-01 00:00:04.980,1.7280301756014418,-0.5046107024735158,9.693496569701678,3.5273736611170725,-25.573560922825862,44.33799072550735,0.3908474366534609
2024-01-01 00:00:05.000,1.795186984678681,-0.5790441580251602,9.639995847616198,3.39483759605329,-25.763028988568262,44.13962536599693,0.3924540719975355
2024-01-01 00:00:05.020,1.7818932175643507,-0.616623664094526,9.609697711400164,3.3884095555426383,-25.840072325775978,44.26951841494691,0.3938736810129926
2024-01-01 00:00:05.040,1.8133700294493917,-0.6391049624544095,9.5879340087883,3.5576042300979815,-25.976453962336937,44.21443652329852,0.39664796519992274
2024-01-01 00:00:05.060,1.8639352081244256,-0.6221987840366122,9.679654186914854,3.377858452019422,-25.758284885688507,44.17510277397369,0.39121685575426063
2024-01-01 00:00:05.080,1.8622861150720496,-0.6414148986597108,9.631772869710895,3.1536766498934905,-26.06826878861801,44.14876345790979,0.39270001421922734
2024-01-01 00:00:05.100,1.8992402288379402,-0.6489146716572397,9.63939086309099,3.485046641577169,-26.278708251829112,44.16445600014895,0.39474524506323505
2024-01-01 00:00:05.120,1.9407271387758698,-0.699743745147042,9.599137541493892,3.466310753853655,-26.035467722330477,44.164325503898496,0.3940601020600504
2024-01-01 00:00:05.140,1.913446538897668,-0.7369627483398732,9.584925182780156,3.13765006429698,-26.09460987819311,43.8088169640319,0.39243825776865693
2024-01-01 00:00:05.160,1.9438539215663317,-0.7201766780778316,9.633204243182213,2.8447872595365973,-25.997732136648306,43.87533352789379,0.39292292398207396
2024-01-01 00:00:05.180,1.972939487709086,-0.7453366513334118,9.56000561363959,3.079503898776577,-26.407799954097385,43.78369460293115,0.3904407782943661
2024-01-01 00:00:05.200,2.0131512786397336,-0.7948894468100551,9.602818381038928,3.071198673928036,-26.368195009096876,44.024979545225925,0.3927142224231678
2024-01-01 00:00:05.220,2.0235572378613904,-0.7640414895310599,9.571136924759593,3.112624538093782,-26.26778770269506,43.97816184437452,0.3926577949310992
2024-01-01 00:00:05.240,2.045554256841799,-0.8520722457536558,9.579871605528227,3.226888227406253,-26.53143658219402,43.90922017516614,0.39365490969036965
2024-01-01 00:00:05.260,2.1125152705928896,-0.8262233004904496,9.63323260024273,3.1035973789167075,-26.23521833565549,43.680291642646075,0.3920799154734791
2024-01-01 00:00:05.280,2.148659007388561,-0.8634647604178892,9.55034959078517,2.8282854371932076,-26.272996158516598,43.946876595072595,0.3941336469561963
2024-01-01 00:00:05.300,2.1394488449075633,-0.8990597581368303,9.588737684816268,2.8438295907817612,-26.559389091489965,43.79122091720185,0.3952160015467457
2024-01-01 00:00:05.320,2.155280121605295,-0.8857681145061073,9.568257344793931,2.7951138637534676,-26.61281545670496,43.82155278754874,0.39350142856645404
2024-01-01 00:00:05.340,2.214668606416757,-0.9077365915876755,9.538203458796753,2.698934476998334,-26.72308774848864,43.887933489791656,0.39389408272791554
2024-01-01 00:00:05.360,2.226270311179443,-0.9031010564734496,9.525962539697723,3.0574515175723467,-26.93253127350658,43.83791958763636,0.3932968806062728
2024-01-01 00:00:05.380,2.1986588330864967,-0.9453857263329515,9.540499942498192,2.437347002295105,-26.62216156829432,43.77853657873154,0.3931907386972888
2024-01-01 00:00:05.400,2.1747654901942575,-1.0164969112062077,9.49713877772375,2.5945894254020017,-26.573410895987124,43.783684849992994,0.3917474538440203
2024-01-01 00:00:05.420,2.2029436598543723,-1.0083663560676732,9.536982899548352,2.5769145951060124,-27.1405165593918,43.977692925754305,0.3938235584344637
2024-01-01 00:00:05.440,2.242698827201257,-1.0018415541256336,9.47546454809497,2.388006723938441,-26.664494223472904,43.54148233124218,0.39299599671429014
2024-01-01 00:00:05.460,2.249253493078285,-1.008648402876915,9.524369966750372,2.129603350117263,-26.839736459099353,43.708281709724595,0.3973769065289783
2024-01-01 00:00:05.480,2.2561535041061247,-1.039798512908961,9.566894857805096,2.2169674359029883,-26.732557764321513,43.43346234115482,0.3963372797160676
2024-01-01 00:00:05.500,2.291599503687138,-1.083674319227458,9.490209386339707,2.2386717474202156,-26.925745642879143,43.656118934678034,0.393962263016219
2024-01-01 00:00:05.520,2.308575226425973,-1.0854907603104977,9.489063681694361,1.7878137511048493,-26.881422230679622,43.314041551155,0.39166445549171647
2024-01-01 00:00:05.540,2.275631841560065,-1.1277569219937214,9.480199880010733,2.01940014325679,-27.208719327181576,43.67467580135795,0.3909657469671503
2024-01-01 00:00:05.560,2.326542635824217,-1.1336299447832308,9.474142909589071,1.8156914907967914,-26.835622528320133,43.631382595703016,0.39557285581729484
2024-01-01 00:00:05.580,2.345334008262039,-1.1075707688157215,9.471352218431402,1.6386259699795385,-27.111312834918174,43.84165723118316,0.3937160683614114
2024-01-01 00:00:05.600,2.366914489680776,-1.1679514480727013,9.486472564849212,1.7301142842696935,-27.115548935378882,43.608817118647366,0.39415085671788924
2024-01-01 00:00:05.620,2.377083685178723,-1.1430192935294874,9.48580438037357,1.3192485929240854,-27.019921527849966,43.37488075924445,0.38970139793715763
2024-01-01 00:00:05.640,2.393774511093498,-1.1890755482843518,9.46695313103559,1.5694723759599836,-27.077487171505066,43.992468447721876,0.3950454468742335
2024-01-01 00:00:05.660,2.417746514071216,-1.2226521232617984,9.436074266016231,1.1917730782963556,-27.12886026237375,43.900737998002334,0.39409941058754583
2024-01-01 00:00:05.680,2.4004391060003702,-1.207434791588834,9.425645526693664,1.4332960783953348,-27.232659264705372,43.66214811264145,0.3909697085422882
2024-01-01 00:00:05.700,2.4013324171326484,-1.2393516921059078,9.37947661137563,1.1503769805843733,-27.098779667561217,43.5222897811577,0.39224752029620613
2024-01-01 00:00:05.720,2.4049890358461403,-1.2577238897646457,9.436819855874601,1.0298557531691037,-27.391698616520028,43.646870923062366,0.39371800431981907
2024-01-01 00:00:05.740,2.461476617034996,-1.3057838502240895,9.412714066916175,1.0016135824252546,-27.19508647146424,43.38481737633404,0.3932955035078296
2024-01-01 00:00:05.760,2.347474880667715,-1.2998747201131502,9.421541009273817,0.9709200835820082,-27.113335579449995,43.519597050866494,0.39260622753951
2024-01-01 00:00:05.780,2.4168008185740004,-1.2681848515741132,9.455322751587618,0.6667470341967301,-27.398206310774807,43.47705278039977,0.3929835933749852
2024-01-01 00:00:05.800,2.4401117289175205,-1.3283310149331753,9.456522893267115,0.5120235981297518,-26.991977870427153,43.538232756597594,0.3926866151547033
2024-01-01 00:00:05.820,2.4422745188935333,-1.357386548104155,9.370624377671195,0.57024199733343,-27.258159702231804,43.67556097926949,0.39349569493531095
2024-01-01 00:00:05.840,2.4341333207799782,-1.3256522093226994,9.486926740478962,0.3321674010923059,-27.04565383425098,43.563261304923,0.3961335538570923
2024-01-01 00:00:05.860,2.45313989839911,-1.386531378129998,9.379746779756735,-0.005687278673317059,-27.381126015001346,43.56970542755986,0.38805725302925453
2024-01-01 00:00:05.880,2.4711815755405415,-1.4316133893556446,9.428619823483723,-0.0827063682381938,-27.10753691487055,43.58650140711196,0.39271686938209777
2024-01-01 00:00:05.900,2.4818974208036857,-1.380514593919923,9.40248395189242,0.3329473653031606,-27.42296705008079,43.694651721410814,0.393543594753862
2024-01-01 00:00:05.920,2.4764686528176214,-1.4032256415077258,9.382846888526316,-0.3226913963648268,-27.22755958850545,43.69390466534905,0.3937825578904802
2024-01-01 00:00:05.940,2.516597911450102,-1.4334766001642132,9.426734170597019,-0.6349185303915945,-27.107255609220545,43.967541467726384,0.3924467407484634
2024-01-01 00:00:05.960,2.3895026190836983,-1.3990249884013066,9.444951285871843,-0.4891027751232056,-27.09102126599659,43.84606889831616,0.38967712634616
2024-01-01 00:00:05.980,2.4633417312318597,-1.4347682007931253,9.415227804552748,-0.583013638304901,-27.202324274574345,43.361989637561635,0.39384656087854536
2024-01-01 00:00:06.000,2.4429589296344485,-1.449148041851128,9.371955894483637,-0.6019637876745688,-27.11531024258664,43.56324298460016,0.39664527033944547
2024-01-01 00:00:06.020,2.443185499653845,-1.4456007887142983,9.423356613300525,-0.8211709523556657,-27.167000699439853,43.64843436556437,0.39012284710128486
2024-01-01 00:00:06.040,2.43887288464737,-1.515079556670006,9.372811653666822,-0.8936184589734566,-27.259270551848203,43.89808621335514,0.3949182259385024
2024-01-01 00:00:06.060,2.4800696886541633,-1.536549609814166,9.401105025693306,-1.3409669057167846,-27.13492573228997,44.04343946589444,0.3925335194648602
2024-01-01 00:00:06.080,2.4779330232024055,-1.5224886375714948,9.419091758051946,-1.1113085812063845,-26.99582191025017,43.628624096627156,0.39306792121945944
2024-01-01 00:00:06.100,2.443246669837111,-1.5393603330232781,9.358021296733073,-1.5112414247211967,-26.97233969711509,43.790714613459585,0.3910847728897092
2024-01-01 00:00:06.120,2.4791514817370017,-1.5688546118788995,9.396543690708162,-1.5992551771012236,-26.95874266936467,43.768967149543755,0.39252165756640534
2024-01-01 00:00:06.140,2.4421694057067596,-1.5901665084732466,9.366652540820319,-1.9580238815441864,-27.000291312634044,43.9549869401987,0.3957906591005039
2024-01-01 00:00:06.160,2.4808811493344307,-1.5650657171412348,9.353689551590609,-2.1054009048553843,-26.917846836491705,43.71211010196381,0.3943558803950814
2024-01-01 00:00:06.180,2.443055239801889,-1.5878384053289418,9.486787141041825,-2.0441847931007184,-26.912200980698547,44.074548844217354,0.396655193121937
2024-01-01 00:00:06.200,2.4363648953413466,-1.6070190709319851,9.425131318938561,-2.147940304837252,-27.013054449206905,43.972053644607854,0.3955453936890725
2024-01-01 00:00:06.220,2.365912448278253,-1.6047205283284627,9.44189075177781,-2.505459867602663,-26.863088683852002,43.93741080511675,0.3940687432689763
2024-01-01 00:00:06.240,2.410407775956615,-1.671302084073952,9.369869948390473,-2.6306416151880843,-26.600735221682474,43.79364415772721,0.3966784389634527
2024-01-01 00:00:06.260,2.4496988082812745,-1.619575621932271,9.356432916048922,-2.8196103459626816,-26.78910456801104,43.84494666428217,0.3940685562285826
2024-01-01 00:00:06.280,2.377096330161784,-1.659003716601799,9.392446372494835,-2.734037410678751,-26.550167707522547,44.20671942306471,0.3948465462647001
2024-01-01 00:00:06.300,2.4288123442028997,-1.6217939413120963,9.395462423257422,-2.733162805171485,-26.7507777578061,43.98166362162633,0.3925974280040477
2024-01-01 00:00:06.320,2.3391542462695276,-1.7041560166969483,9.398109944983851,-3.426363987351087,-26.662330996306046,43.89787248579094,0.39332366154283555
2024-01-01 00:00:06.340,2.3286027736696067,-1.6818324883498736,9.391724709122819,-3.5873476926538777,-26.650822047145745,43.992410730609066,0.3917957222645166
2024-01-01 00:00:06.360,2.3241306201973018,-1.716335330380669,9.380420502356458,-3.792322665770794,-26.31188988318451,43.89841615259046,0.39516973778029574
2024-01-01 00:00:06.380,2.362089847289569,-1.6640969243951949,9.402254309399178,-3.37160291177575,-26.44889996017764,44.069237397070204,0.3908339626648763
2024-01-01 00:00:06.400,2.3373445719666432,-1.7284548794036885,9.352867074293673,-4.172727780081887,-26.066067669562617,44.24901735721564,0.39475527059595245
2024-01-01 00:00:06.420,2.307398128366152,-1.7036874979074432,9.396195819082099,-4.12142371564914,-26.462589232099543,44.13562357562609,0.3928092677961068
2024-01-01 00:00:06.440,2.2467544977573843,-1.749260821659004,9.423484514213891,-4.523836628764778,-25.977593885189453,44.24857937717603,0.3955330640980518
2024-01-01 00:00:06.460,2.2985953162951285,-1.7776925582037226,9.459423441360359,-4.533072677483258,-26.496565535042805,44.00308100048508,0.3946923078885796
2024-01-01 00:00:06.480,2.2812608777545424,-1.7329292858879897,9.40227926224584,-4.638074982169336,-25.881115263743073,44.3405497192684,0.3968318622263996
2024-01-01 00:00:06.500,2.25645737882401,-1.775347144029555,9.455631412075823,-5.175953214058709,-25.947523330517797,44.35024077710626,0.3946521192933833
2024-01-01 00:00:06.520,2.282386396341526,-1.737704425485677,9.411098023918717,-5.383851701470766,-25.92141323011379,44.26285805817142,0.3900464893998106
2024-01-01 00:00:06.540,2.2064476821932075,-1.7326595704220837,9.370481592215285,-5.380179706557024,-26.123279712439235,44.196894506946755,0.3930566635653207
2024-01-01 00:00:06.560,2.2287580657195174,-1.8285687670515511,9.336651448618818,-5.586112652131965,-25.79064438041894,44.185265546715215,0.3908465555259275
2024-01-01 00:00:06.580,2.2129791245686095,-1.81183861876016,9.340436515407495,-5.807382321772509,-25.69511167651497,44.36023103936338,0.3921540102263735
2024-01-01 00:00:06.600,2.2022817907991956,-1.7319170705866496,9.44416252323496,-5.992442751422478,-25.669063580526505,44.33180200286487,0.39621302677765946
2024-01-01 00:00:06.620,2.160442926003351,-1.802981562700916,9.43159797236867,-6.442670735227138,-25.45225418933052,44.34192974385315,0.3944656375329125
2024-01-01 00:00:06.640,2.1833948766086357,-1.821052279380924,9.408607029804692,-6.358211153008278,-25.29361992455397,44.07310617115176,0.39179270905395963
2024-01-01 00:00:06.660,2.1397915754687697,-1.8013993351882343,9.406325011070479,-6.871719242836827,-25.30830246849742,44.38889390260935,0.3911631351782363
2024-01-01 00:00:06.680,2.107690224737699,-1.7836584685614902,9.449455974422891,-6.7634127304788665,-25.328052707173843,44.51343566948287,0.39325613409685856
2024-01-01 00:00:06.700,2.105616468353621,-1.7802846361077937,9.404544129345828,-6.864122738637907,-25.093210103001663,44.398337399371286,0.39075744961234377
2024-01-01 00:00:06.720,2.11947073375455,-1.8221518255852913,9.51734610090736,-7.537002578277745,-24.955204917641083,44.64422749482504,0.39184828935632393
2024-01-01 00:00:06.740,2.013984883006294,-1.865440189983189,9.434964212535851,-7.342713532880723,-25.105024955022536,44.58534100590973,0.3938145888542196
2024-01-01 00:00:06.760,2.0401491552216373,-1.7923496199901023,9.405637538754997,-7.530548775101818,-24.639446330100327,44.3759258413608,0.3955011939833305
2024-01-01 00:00:06.780,2.033352145095923,-1.8218335213912618,9.450216572604642,-7.915474551833893,-24.659067032738086,44.53876094301757,0.394408092855566
2024-01-01 00:00:06.800,1.9548516289997695,-1.8200861881207655,9.469441340129755,-8.27259431663081,-24.60455071288354,44.639462293342554,0.3886079908939098
2024-01-01 00:00:06.820,1.9786553991885742,-1.8615562393304093,9.442921549897875,-8.316862823438179,-24.527084716123635,44.53604731818242,0.3937993033691665
2024-01-01 00:00:06.840,1.9348066196718898,-1.8535852750416477,9.440737433219105,-8.334912474426059,-24.586097719860817,44.50859196461114,0.39333463705758226
2024-01-01 00:00:06.860,1.8877334605066387,-1.9091414518763707,9.420991771350623,-8.783099351396888,-24.207812940810737,44.39353806116803,0.3940183504818625
2024-01-01 00:00:06.880,1.8953987108526094,-1.8831182487220368,9.453843008800286,-9.210840328564549,-24.53166720584947,44.644089927009865,0.39642298927441955
2024-01-01 00:00:06.900,1.8788351497662856,-1.9055043659431865,9.495258614876024,-9.413005214695872,-24.16773153142564,44.75899242391034,0.38906409335749653
2024-01-01 00:00:06.920,1.8303915121164924,-1.903810316135251,9.469738651226146,-9.573827437850698,-23.957086930877697,44.63501455866914,0.3920083630607238
2024-01-01 00:00:06.940,1.7574814010893525,-1.9183922396670878,9.488745453072308,-9.610446176595106,-23.799929789449195,44.595755568066814,0.3943723825567038
2024-01-01 00:00:06.960,1.7341555578287973,-1.8647619572970742,9.508757287725508,-9.971515617505451,-23.59174770363913,44.77765499424184,0.39002738111220925
2024-01-01 00:00:06.980,1.7484496804424567,-1.892890422196841,9.501165166104192,-10.391959759614547,-23.52476857213636,44.57450413927903,0.39614246800722414
2024-01-01 00:00:07.000,1.7183445125190877,-1.8787081976450468,9.45168258110003,-10.207934196321244,-23.34199229864236,44.79864256832228,0.3939272831365184
2024-01-01 00:00:07.020,1.6904009238449986,-1.9315576680748905,9.486371735181288,-10.634774319144046,-23.397154029560863,44.874291794774216,0.3948837378827928
2024-01-01 00:00:07.040,1.7114211870365428,-1.9156749707141014,9.442276526866893,-10.95362996291473,-23.19835498648644,44.92001935065963,0.3920486825880624
2024-01-01 00:00:07.060,1.6157328399319442,-1.900623981673467,9.540101185323811,-11.222996897481108,-23.19171339865629,44.62612642960083,0.39481809729104955
2024-01-01 00:00:07.080,1.631143143867857,-1.9261141232581678,9.512164492008932,-11.540120258094786,-23.236844644428697,44.93011766261755,0.3953275130230952
2024-01-01 00:00:07.100,1.5828559430771763,-1.9276344694166607,9.464859632403783,-11.351797712123098,-22.609798370132157,44.59137724806741,0.39365632595139144
2024-01-01 00:00:07.120,1.60260289761561,-1.9939728404612835,9.522012318170946,-11.758005041692149,-22.469010870504825,44.780674431247704,0.3936593716965034
2024-01-01 00:00:07.140,1.5163516222139446,-1.9313481385326354,9.55333338106623,-12.095977302650317,-22.83996247101514,44.902347256342516,0.3937312563896695
2024-01-01 00:00:07.160,1.4783676916269641,-1.9404105900715383,9.50315927100368,-12.516001761474877,-22.36301395849194,44.640508200697155,0.39146387938163835
2024-01-01 00:00:07.180,1.4813550449516937,-1.93396277873207,9.464377830102237,-12.521073428699955,-22.09119904799643,44.76875094801305,0.3928955125506364
2024-01-01 00:00:07.200,1.4117443704711574,-1.8826924224786503,9.518370274871934,-13.01978405418817,-22.417939829198588,44.85696982922522,0.3928855248462124
2024-01-01 00:00:07.220,1.419658787375494,-1.9291259511793033,9.5008818411065,-13.18388500063499,-22.174601657478902,44.974731022145846,0.3939573576398241
2024-01-01 00:00:07.240,1.4245068495814464,-1.9268043429844666,9.511907471516972,-13.412145493778661,-21.948482350621536,44.8325595194423,0.39519021840492663
2024-01-01 00:00:07.260,1.3747680777496627,-1.942427970528896,9.511906123541664,-13.43250858040384,-21.53962498471464,44.904308522277276,0.39107349774714917
2024-01-01 00:00:07.280,1.309553504402044,-1.9200698891484416,9.54206884681142,-13.74938914513165,-21.644926403100822,44.935814607875145,0.39294055185047794
2024-01-01 00:00:07.300,1.339024655242904,-1.9090326545234437,9.467460268867777,-14.069649031789162,-21.37978047899854,45.00248453801526,0.39615348100643505
2024-01-01 00:00:07.320,1.2527662465474045,-1.9167461653160685,9.544611250900452,-14.458691811713015,-21.069150039005205,45.025192468042064,0.391703393453492
2024-01-01 00:00:07.340,1.2167407541357902,-1.9172248684301854,9.546215427032346,-15.0294117711277,-20.80121026798323,44.489539670045154,0.39154606987652535
2024-01-01 00:00:07.360,1.193829329126707,-1.9308275909221218,9.523825150911007,-14.934731975361426,-20.657914468335086,44.90236810473315,0.3935951822947684
2024-01-01 00:00:07.380,1.2319260806861294,-1.9339594964665194,9.55969366739276,-15.312959067675875,-20.80557874091218,45.106262576799445,0.39487934029208777
2024-01-01 00:00:07.400,1.0618248874219216,-1.9066256192653994,9.533093762908733,-15.632126646880256,-20.299826021290546,44.945200216082085,0.3932134220222384
2024-01-01 00:00:07.420,1.0586185454723698,-1.8761203250881069,9.579615348811739,-15.773736524089214,-20.38216813905289,44.80107888503038,0.3958484910919911
2024-01-01 00:00:07.440,1.0538676944987746,-1.957677171316533,9.624885758618413,-15.715969081688167,-20.008247927407893,44.694929353365026,0.39490415787625016
2024-01-01 00:00:07.460,0.9657150312858779,-1.8554686758534713,9.604704355023655,-16.157459352666713,-20.068902189952222,45.14490161462928,0.39487421004488615
2024-01-01 00:00:07.480,0.983189745175969,-1.92347484996081,9.58283620960124,-16.55038753136631,-19.518019878161212,44.94287058828008,0.3942988029137542
2024-01-01 00:00:07.500,0.9158915773634294,-1.8931689522728672,9.574970272666985,-16.772991621732007,-19.67741022232495,44.82351807479673,0.39784587611180927
2024-01-01 00:00:07.520,0.8327705474393217,-1.8563162457222933,9.584154783191739,-17.040541720815142,-19.37671279241642,44.754365305779,0.392780246533385
2024-01-01 00:00:07.540,0.8430637865592086,-1.902423865509391,9.601403226810717,-17.42681197893555,-19.2609774605823,44.661801684643315,0.3891835253269841
2024-01-01 00:00:07.560,0.7942525262326201,-1.948628169926701,9.606860988503454,-17.462691616717933,-19.151471232879757,44.794101920173375,0.3963990786341403
2024-01-01 00:00:07.580,0.7998834743947466,-1.8820352985073319,9.564140284984203,-17.299477485174158,-18.815734341640006,44.95301285470739,0.39227517104919235
2024-01-01 00:00:07.600,0.7500207136782647,-1.914770432663196,9.571619843804342,-18.115421795194514,-18.729411738697774,44.9387869618309,0.3934063307998032
2024-01-01 00:00:07.620,0.6876804853019576,-1.840019258635613,9.595343515274704,-18.251508703333876,-18.30028100990851,44.715226702312094,0.39580967128083816
2024-01-01 00:00:07.640,0.6594302082129718,-1.8009147334605076,9.620503159902933,-18.389120393494068,-18.327644992922718,44.90826887792814,0.3899860508289993
2024-01-01 00:00:07.660,0.6455263696230383,-1.864580060644585,9.595664695413147,-18.6899854835779,-18.081714008244223,44.83503647474093,0.39068727548290483
2024-01-01 00:00:07.680,0.5320898506154308,-1.8180762303032254,9.630547672139034,-18.95116868638817,-17.76777735985788,44.89189168412833,0.3899880140368683
2024-01-01 00:00:07.700,0.5544774290271869,-1.8446210471352686,9.642638173855046,-19.100694956751127,-17.702713854534796,44.960132271654274,0.39160229733105517
2024-01-01 00:00:07.720,0.47523606406289887,-1.8512834772986004,9.58983021050062,-19.368405991441225,-17.479919547323387,44.83970974620845,0.3940698431231511
2024-01-01 00:00:07.740,0.5369119852832128,-1.800117840521664,9.561111113009297,-19.32334848803711,-17.428928972699516,44.92167819164772,0.39423894559674266
2024-01-01 00:00:07.760,0.40011742268839323,-1.822876797179706,9.616195694097593,-20.105737615095975,-16.987460988827024,45.02349381851395,0.3937431182697742
2024-01-01 00:00:07.780,0.36744648184251555,-1.7528017925973205,9.642823894715374,-19.991449296123232,-16.78487608235241,44.68303548693997,0.3903650381433213
2024-01-01 00:00:07.800,0.38296415730212546,-1.8238636015358358,9.658093995196644,-20.30208490837669,-16.6369647526934,44.627920138337345,0.3885703630378407
2024-01-01 00:00:07.820,0.31875241788268815,-1.803283238010785,9.657630781812694,-20.591163376028614,-16.35637789474005,44.60829341244609,0.3932992770818979
2024-01-01 00:00:07.840,0.24265522701626396,-1.7382743163785628,9.647541948807648,-20.908455118495098,-16.3754727113684,44.75839408046989,0.3922470178438404
2024-01-01 00:00:07.860,0.2912372925221805,-1.8095735843172864,9.617037301789717,-20.944379379151208,-15.920337254172432,44.81982563161827,0.39410934145455034
2024-01-01 00:00:07.880,0.17916989837132236,-1.760652828307393,9.649264128465335,-21.25044073906859,-15.678311870907034,44.69475212162009,0.39459447716354856
2024-01-01 00:00:07.900,0.16125670791995264,-1.789160912441091,9.611727585014085,-21.513517041705175,-15.597169550871266,44.95429488259778,0.39346705277522337
2024-01-01 00:00:07.920,0.13485103496285142,-1.7630112994033118,9.631484779671117,-21.802410511633052,-15.396295206212528,44.65914626000151,0.3947108360818688
2024-01-01 00:00:07.940,0.14379918857190438,-1.7415476622303425,9.69236679462561,-21.930283147811863,-15.284463402793827,44.73320587919072,0.3936489926593473
2024-01-01 00:00:07.960,0.042444497007415816,-1.721499775775979,9.65469719910187,-22.21419094825315,-15.016209034029199,44.71277787266111,0.39425069932232004
2024-01-01 00:00:07.980,-0.031446288248141094,-1.6754907879833476,9.654284883260638,-22.3367137343598,-14.813599046414467,44.769601708250704,0.39178122338537735
2024-01-01 00:00:08.000,0.0029101655515852733,-1.7301341791495417,9.655252923161454,-22.5606979659108,-14.398349674728763,44.709041137035115,0.3928313470834431
2024-01-01 00:00:08.020,-0.08444763328559615,-1.6594621396744063,9.67127889208649,-22.862971443867835,-14.17252014661248,44.33788036939263,0.39358412210441995
2024-01-01 00:00:08.040,-0.08637489818752826,-1.6445037126672128,9.698243775409033,-23.025280503333175,-13.866920686451088,44.40449146914338,0.39483162686195195
2024-01-01 00:00:08.060,-0.1133452758928813,-1.7163486162395123,9.644177761376673,-23.455039329571953,-13.687672511825003,44.35614555095043,0.392403087566668
2024-01-01 00:00:08.080,-0.2053057065772274,-1.6400608876123195,9.671539203722157,-23.758785687630148,-13.695363780991345,44.41469192722045,0.39423290442258135
2024-01-01 00:00:08.100,-0.25574227802823546,-1.6554840763316228,9.622844069451777,-24.169459907926026,-13.20992128866122,44.22050430682217,0.39265889232727524
2024-01-01 00:00:08.120,-0.2544036609008593,-1.6871648061937479,9.684655846837279,-23.80149046382053,-13.07963719341389,44.3524490766687,0.39295548557644977
2024-01-01 00:00:08.140,-0.28018627518704947,-1.567696441760867,9.695226230217491,-24.273904347469845,-12.752214353978479,44.3243918416032,0.3948496079951653
2024-01-01 00:00:08.160,-0.3428528283868224,-1.5875758707742325,9.62873432378178,-24.498430467369626,-12.382261036401179,44.024201089859325,0.3892044491690088
2024-01-01 00:00:08.180,-0.3975938457266642,-1.589061084035324,9.606666063967767,-24.597529712532882,-12.154656805901885,44.23072038392382,0.3905976252549676
2024-01-01 00:00:08.200,-0.4082927716328396,-1.6163575214254364,9.675077223246848,-24.56486747944245,-12.16775083460972,43.88239184488053,0.39022619911623146
2024-01-01 00:00:08.220,-0.4778623622290114,-1.559475951344178,9.673117608273074,-25.20999714501073,-11.713257403241398,44.12061433323001,0.3885233376714094
2024-01-01 00:00:08.240,-0.44175572930216933,-1.5582173414434284,9.649853896214935,-25.251871910703578,-11.738795981682003,44.11675232199157,0.39183404103079567
2024-01-01 00:00:08.260,-0.5292839419301119,-1.5847274227724888,9.685348750056141,-25.655085016191666,-11.153511598073642,44.385292250222186,0.3946894377105726
2024-01-01 00:00:08.280,-0.54215690143413,-1.4560731978519599,9.654637629441796,-25.618341113663295,-10.995895653620767,43.83688369709316,0.39262080177835196
2024-01-01 00:00:08.300,-0.6057158810262017,-1.5329412597457863,9.679661519160987,-26.144486856781636,-10.928817137580005,43.70022118524035,0.3935861500750008
2024-01-01 00:00:08.320,-0.6239058182744062,-1.502562790449146,9.705771433358477,-26.28732496013631,-10.334175434177245,43.85765971010552,0.3953690049045276
2024-01-01 00:00:08.340,-0.6913755856789077,-1.4564459744753004,9.689099242271599,-26.208271423763925,-10.392109116469113,43.742632682419966,0.3958459421756414
2024-01-01 00:00:08.360,-0.7105623209940498,-1.4803286015692494,9.745387174082225,-26.31308143203885,-10.102972097163171,43.79928535693424,0.39305229404166486
2024-01-01 00:00:08.380,-0.7718629069738473,-1.4465745650362043,9.64960479342703,-26.677252445732115,-9.900982905622932,43.45907436486878,0.39589774169025593
2024-01-01 00:00:08.400,-0.7307417619974018,-1.4133257235884815,9.651167811966726,-27.132110127231517,-9.639638553483723,43.62835652368089,0.39337482322798534
2024-01-01 00:00:08.420,-0.8056873665785182,-1.4164066787970069,9.655310677441747,-27.213432154107693,-9.355558741299493,43.57708433332378,0.39151577346346217
2024-01-01 00:00:08.440,-0.8348628720274315,-1.3964577411228876,9.67645723311531,-27.526409170412453,-9.236911388134533,43.578648515550015,0.39200176920670854
2024-01-01 00:00:08.460,-0.8951864539737628,-1.3790002078384695,9.675932180277114,-27.32483726477872,-9.0212539006064,43.48929136743615,0.39022949688597597
2024-01-01 00:00:08.480,-0.9282464196920235,-1.394756156958982,9.718817047134733,-27.406779043710298,-8.479539205913209,43.39865446954727,0.3914143022036498
2024-01-01 00:00:08.500,-0.9973823612228839,-1.3460926720042035,9.657241494509499,-27.80490056562362,-8.437769373394262,43.430032120867914,0.3924745365349683
2024-01-01 00:00:08.520,-0.9486850525306558,-1.369227933983602,9.643528650658132,-27.877287267116873,-7.995627083184084,43.32607182634665,0.3947977399498743
2024-01-01 00:00:08.540,-1.0659099506593857,-1.3154302341446467,9.623028171124382,-27.952837411611643,-7.8219533856721215,43.369977025910714,0.396632109573438
2024-01-01 00:00:08.560,-1.0862485886006017,-1.372528352779774,9.669963026099904,-28.11134459764456,-7.702392385293419,42.92661842014245,0.39042620688035196
2024-01-01 00:00:08.580,-1.1217011407108695,-1.3352381988223394,9.693749258739672,-28.173944260772828,-7.288283957428725,42.88584915279826,0.39397622484763695
2024-01-01 00:00:08.600,-1.1804426440590046,-1.249146714320348,9.638482684255642,-28.67319358198309,-6.955600702977546,43.04590092724709,0.39110948203280205
2024-01-01 00:00:08.620,-1.1273908614967196,-1.232849951817025,9.62751028799793,-28.800703580286125,-6.605409531740095,42.875271221314755,0.3941399640880435
2024-01-01 00:00:08.640,-1.2368748114202155,-1.2192785912933144,9.648025713916242,-28.998482093577596,-6.527585580417146,43.03515911181499,0.39292839660974166
2024-01-01 00:00:08.660,-1.2480575534550995,-1.1812150348406214,9.631491970555098,-28.956233958130635,-6.165981952183986,42.950352551839664,0.38952875825941097
2024-01-01 00:00:08.680,-1.2735357693957743,-1.1725147439329382,9.67619479980917,-29.1062371479693,-6.084575792277548,42.87372749982319,0.395047163894243
2024-01-01 00:00:08.700,-1.3140344839071558,-1.1914292153495794,9.597641407723827,-29.309479148560147,-5.756139003115253,42.92377683132713,0.39198056848549967
2024-01-01 00:00:08.720,-1.3735711565389572,-1.1546603756501763,9.643472939805475,-29.385280182079637,-5.5241926605708205,42.62995035051618,0.39212276943437
2024-01-01 00:00:08.740,-1.371931953728198,-1.1143268837266769,9.609715240203807,-29.598296132356097,-5.277190765912657,42.723604467983556,0.3910510650885377
2024-01-01 00:00:08.760,-1.4132115779313597,-1.1209843055719508,9.621860787864136,-29.41428943305069,-5.093487162020132,42.70119758410704,0.3918820033577309
2024-01-01 00:00:08.780,-1.3947710024797868,-1.080380553451691,9.649268563221245,-29.718722321479238,-4.7419528415257535,42.931711519632955,0.39404635079249584
2024-01-01 00:00:08.800,-1.4151126699974677,-1.1334524957226577,9.63784334392151,-30.066299066027806,-4.449598446626997,42.40438248334902,0.3928120812292443
2024-01-01 00:00:08.820,-1.4888015153249432,-1.0966282979671098,9.644542058120884,-30.189778466891052,-4.202284939034976,42.59434019240343,0.3938478939156821
2024-01-01 00:00:08.840,-1.563461445161506,-1.0290430324016142,9.664639462539192,-30.21347481651992,-3.792052749549894,42.39639822989218,0.3939144136189748
2024-01-01 00:00:08.860,-1.5521794302543703,-1.0857774467721122,9.601226161719794,-30.432264704904444,-3.3165257555641308,42.41311884219371,0.39583189322216233
2024-01-01 00:00:08.880,-1.573099602048383,-1.0098605172027877,9.546680679580136,-30.608252268231624,-3.5674016296287565,42.156047548533024,0.39250499760937724
2024-01-01 00:00:08.900,-1.5820464823723768,-0.986572486173574,9.600148091004442,-30.474505317921988,-3.2590181678831542,42.26018076655465,0.39023685427742566
2024-01-01 00:00:08.920,-1.618365376673548,-0.9910503501973279,9.601238703818499,-30.735928335147776,-2.8357237063461342,42.057886373322454,0.39532501474426107
2024-01-01 00:00:08.940,-1.6659315359291544,-0.8972247352293237,9.667727802513813,-30.995881065259137,-2.652900517765913,42.21909225670972,0.39252759356692263
2024-01-01 00:00:08.960,-1.6939376476778714,-0.9165993187647917,9.63985271223358,-30.889522368862178,-2.5490968827267704,42.17488411230454,0.39541975480027186
2024-01-01 00:00:08.980,-1.7700576984214744,-0.8908481685544178,9.591136418308045,-31.152534751301875,-2.2471036416150696,41.8762776638728,0.393957324137471
2024-01-01 00:00:09.000,-1.749978998573271,-0.8965885576017061,9.625212780564725,-30.944014911877495,-1.815137630776168,42.053558678996,0.3929282948506993
2024-01-01 00:00:09.020,-1.7827351117504657,-0.9614409538150793,9.61253195150905,-31.04700355207502,-1.2296387025342912,41.65172751988506,0.3938881216992097
2024-01-01 00:00:09.040,-1.7933121185916259,-0.8352547218242963,9.601050799957887,-31.4363864231008,-1.4854775360988024,41.72618583862221,0.39709259503136973
2024-01-01 00:00:09.060,-1.789157986170004,-0.8185742921083775,9.614200024883115,-31.575445296588967,-1.1796666461449705,41.61744361892271,0.3973445309692246
2024-01-01 00:00:09.080,-1.8324759989383863,-0.7962243475581007,9.571052779224267,-31.448348261714266,-0.868805382156598,41.818674016912645,0.39332933218137156
2024-01-01 00:00:09.100,-1.9618848659895132,-0.8005094768135982,9.617730975245154,-31.50384740493152,-0.5281459065152135,41.63758577058084,0.39351095109774015
2024-01-01 00:00:09.120,-1.9237820997097512,-0.7411645650945023,9.59626333727313,-31.33982934959354,-0.32568529023774134,41.361824930954036,0.3953430502260499
2024-01-01 00:00:09.140,-1.8985267113312045,-0.7529741017893049,9.602722173028628,-31.88293097727799,-0.3644150378680793,41.59195234842234,0.39149924784558243
2024-01-01 00:00:09.160,-1.9454913116588015,-0.6779040788637866,9.534383959173615,-31.82198669778526,0.08365039236304347,41.83972992330165,0.39385671065635364
2024-01-01 00:00:09.180,-1.9974337674940943,-0.6762512368246907,9.628850184081685,-31.78906582395907,0.5198068465182912,41.3477830425231,0.3931388442152094
2024-01-01 00:00:09.200,-1.999002444155845,-0.6891656478394281,9.602081643443046,-32.08552737911855,0.6730957707873603,41.46339174178635,0.3938183863340211
2024-01-01 00:00:09.220,-2.0021710533753163,-0.6697785281408037,9.586180414668217,-32.27487932116271,0.8968982088020975,41.39022042230627,0.3915238322992072
2024-01-01 00:00:09.240,-2.0143435229374087,-0.5808085146538229,9.595464430590384,-32.08600643146964,1.0579733829042095,41.2585488180129,0.3900114349244992
2024-01-01 00:00:09.260,-2.0694573633957005,-0.617610663394899,9.586838902371055,-32.134079379300914,1.4492903436734668,41.3822954772466,0.3890446030391345
2024-01-01 00:00:09.280,-2.0947643364249213,-0.5887008639125096,9.53533069891916,-31.995744378799518,1.6468400727408805,41.176006103574835,0.3909558016851379
2024-01-01 00:00:09.300,-2.072381066195027,-0.6069358332828358,9.551076454866136,-32.1390439605077,2.0375575673463557,41.13293375278377,0.39227321934122733
2024-01-01 00:00:09.320,-2.1278453334402787,-0.4912823985299032,9.548358519096723,-32.12944173214756,2.3474075695253194,41.34625823836859,0.3926041867378085
2024-01-01 00:00:09.340,-2.1697115104323994,-0.545762650033759,9.607834999591411,-32.02104215371023,2.324630670128408,41.10986360034977,0.39706503223597617
2024-01-01 00:00:09.360,-2.2525328723665012,-0.5374937319893547,9.637069141964657,-32.322361811305726,2.6935742090619543,40.96651945303736,0.3954025566509317
2024-01-01 00:00:09.380,-2.1683370435060336,-0.5187147523040961,9.550972049416867,-32.57961750756872,2.9754329846951286,40.90566552522806,0.39126638767843386
2024-01-01 00:00:09.400,-2.20140675150698,-0.4382280375851703,9.6045538039475,-32.37307378240211,3.095209251081507,40.8138828539014,0.39388598681601905
2024-01-01 00:00:09.420,-2.2086029113366217,-0.45783779447597195,9.570163752805625,-32.37647114793755,3.48926320876377,41.02456139730851,0.39237641343840535
2024-01-01 00:00:09.440,-2.257494784809943,-0.4506351251052006,9.490982959261316,-32.10582691899112,3.7600380404467706,40.970214852437145,0.39262184223502583
2024-01-01 00:00:09.460,-2.299244072088005,-0.4244804244615136,9.505725210029713,-32.61387306264905,3.7767248568318172,41.095626897904744,0.39356122120994785
2024-01-01 00:00:09.480,-2.258088146987573,-0.41148508473679124,9.444080333601296,-32.605729636907775,4.063969086986434,40.814073536718,0.3944289121450679
2024-01-01 00:00:09.500,-2.313446482961669,-0.3675413122955482,9.517613995067219,-32.492136701357,4.335454761497126,40.736933037891916,0.39251205294334907
2024-01-01 00:00:09.520,-2.250633124481729,-0.3496434341342803,9.559650995584526,-32.30202824469766,4.599659310287308,40.53739143976317,0.39531827297657474
2024-01-01 00:00:09.540,-2.310321035319563,-0.31032965156469217,9.505669186316734,-32.34929443149067,5.043575629373723,40.61816747900861,0.39090669345882123
2024-01-01 00:00:09.560,-2.3244879205634494,-0.30981100860311594,9.533402871171608,-32.72867529972897,5.1066432878220684,40.66889837001987,0.39320324803584167
2024-01-01 00:00:09.580,-2.342222363095588,-0.292971354075943,9.5556974271551,-32.31358016438215,5.310876245982582,40.63135585662872,0.3983859173643088
2024-01-01 00:00:09.600,-2.334175124263204,-0.255828049410176,9.528013327013582,-32.38065028264921,5.356609587137648,40.767116931031666,0.3936367293963677
2024-01-01 00:00:09.620,-2.3607731157032417,-0.24614926157369454,9.52354332670641,-32.649187409789064,6.010433128646861,40.618165408607176,0.39605699892432944
2024-01-01 00:00:09.640,-2.387597259251815,-0.22618905615189822,9.470599676505323,-32.2954333541928,6.289493341087468,40.19479452053315,0.39337361026745243
2024-01-01 00:00:09.660,-2.3898618096774102,-0.15853797043494358,9.496373813525501,-32.55854037973631,6.4731820884868645,40.49348901631905,0.3943521241017656
2024-01-01 00:00:09.680,-2.3130451994500008,-0.12667148554675106,9.55435322537471,-32.34828202801026,6.815817870517758,40.5864849755902,0.3930770035223317
2024-01-01 00:00:09.700,-2.3737963240149416,-0.07534233647289557,9.489703904460702,-32.42756048775201,6.664778181219363,40.400519155245384,0.3928497547487887
2024-01-01 00:00:09.720,-2.482885388622262,-0.12199187683287686,9.528234060002017,-32.30485281624345,7.021821263725784,40.53830822039845,0.39163160511766626
2024-01-01 00:00:09.740,-2.409348245334969,-0.07801965023190004,9.54937311178172,-32.19932895439308,7.447411418794288,39.9599848911072,0.3940511726290211
2024-01-01 00:00:09.760,-2.4096818060631633,-0.039990342176762186,9.47990377376658,-32.49197038036884,7.953625914406135,40.31467192071368,0.3914874955327345
2024-01-01 00:00:09.780,-2.4606729907775593,0.0067913394899175444,9.509550736270308,-32.55893541112792,8.097613809397764,40.37692818228186,0.394521740383744
2024-01-01 00:00:09.800,-2.452592266684812,-0.03795095563700377,9.485572762834725,-32.053015847323685,8.194802581796033,40.42315718574804,0.39536114392000893
2024-01-01 00:00:09.820,-2.460663752794584,-0.03548552353308349,9.458647771095182,-32.11813349159331,8.498107016512588,40.67661625702407,0.39392363272559155
2024-01-01 00:00:09.840,-2.4501590190501696,0.007532022855643777,9.535581561866659,-31.977145831993248,8.395940809121614,40.38381187826929,0.3926180724439946
2024-01-01 00:00:09.860,-2.439843861710388,0.05558087092511627,9.478873241169168,-31.898169703829897,9.052177780288146,40.23581713316626,0.3940985010697234
2024-01-01 00:00:09.880,-2.456006827395204,0.0807413759017542,9.521547544400317,-31.83762771740045,9.248978066910711,40.669865672187136,0.3925732238000243
2024-01-01 00:00:09.900,-2.4583443736789277,0.1245613366217114,9.499291879045888,-32.06422934338404,9.27100383788263,40.223434995840115,0.3950616641620474
2024-01-01 00:00:09.920,-2.434305088104668,0.0997524413631754,9.443761625528674,-31.961004055166445,9.450151251021937,39.841499614997076,0.3895277577426869
2024-01-01 00:00:09.940,-2.452013380070288,0.158450050238305,9.514584042464998,-31.884799287007137,9.874831745862505,40.16964671205697,0.39251935517487985
2024-01-01 00:00:09.960,-2.4487826075200814,0.14845481388235893,9.472403449282297,-31.457793057111246,10.056431272433034,40.426191025032566,0.38920894592085803
2024-01-01 00:00:09.980,-2.445690588652357,0.193905554510034,9.479159424396927,-31.633775752454376,10.412595933349795,40.26450288077622,0.3902004482506516
2024-01-01 00:00:10.000,-2.429163991942299,0.1768013330166058,9.477959957914459,-31.388943115060027,10.530438540964107,40.28828271880061,0.39591829437074494
2024-01-01 00:00:10.020,-2.41296829119432,0.25149322303674276,9.48430357802374,-31.456967220865057,10.711410172666675,40.26702160275002,0.3949809398750605
2024-01-01 00:00:10.040,-2.4524641204895454,0.25219913998472704,9.412352686816869,-31.0908011122501,10.945880917985148,40.2627580202764,0.3917516094445475
2024-01-01 00:00:10.060,-2.4867146516954186,0.26811856134230266,9.483799041604007,-31.14772106278561,11.388437459581766,40.196305906016704,0.39018556299902424
2024-01-01 00:00:10.080,-2.4499529956708854,0.3255838293840056,9.484726501253572,-31.600713723019357,11.525024709979865,39.857474355746646,0.3872615122354227
2024-01-01 00:00:10.100,-2.48635257253506,0.32346495001702497,9.48454771624048,-30.925922954841074,11.702210101514238,40.33732035180537,0.3921035788952518
2024-01-01 00:00:10.120,-2.455973493038083,0.3269486884361731,9.56167367017104,-31.181331170875655,11.672321465824007,40.224571722122384,0.39803139993561193
2024-01-01 00:00:10.140,-2.514593883426787,0.34599465213828823,9.494477769425929,-30.947051329712256,12.05900258131398,40.19735055116728,0.3940603384540444
2024-01-01 00:00:10.160,-2.4663015294570925,0.40654028201057424,9.519253244798541,-30.419289906209627,12.48456471596911,40.34235941071318,0.3920714253390181
2024-01-01 00:00:10.180,-2.439208665744157,0.3932819875772027,9.491860321357139,-30.596610511930862,12.807061726145102,40.1577836645505,0.39412073033010664
2024-01-01 00:00:10.200,-2.4352437334734622,0.4208613309758947,9.490038152875757,-30.916615711949643,12.781703390256412,40.310476264744096,0.39006865320512824
2024-01-01 00:00:10.220,-2.418267275179523,0.46757059159403386,9.459324042054154,-30.635480525558762,13.007465499440611,40.0884179055206,0.39259592318572184
2024-01-01 00:00:10.240,-2.450519105774673,0.41422952419186704,9.522871028342953,-30.142727618744132,13.369335729792457,40.29441127408632,0.3933895248571264
2024-01-01 00:00:10.260,-2.40406715672819,0.5035007771242558,9.454733762828777,-30.149230405657782,13.473381530911979,40.23182231708071,0.393018368607475
2024-01-01 00:00:10.280,-2.3500268503486432,0.4916794666055623,9.503495523925055,-30.291108778323913,13.372096284999838,40.23120329250983,0.3947721821544973
2024-01-01 00:00:10.300,-2.3693646242415087,0.5018800832552701,9.482979876500261,-29.932020155248427,14.101574520888612,40.451868139604116,0.39387986036358924
2024-01-01 00:00:10.320,-2.380466092979644,0.6386980530021722,9.509411697847602,-29.608839257806178,13.989618503715477,40.171759077048016,0.3945272219473331
2024-01-01 00:00:10.340,-2.327921607888142,0.6105659830210483,9.512513061803016,-29.632447992333713,14.737245951363475,40.455978424761255,0.3918138253466334
2024-01-01 00:00:10.360,-2.3954876493992736,0.6275454849408735,9.457708973669934,-29.393192902379333,14.516416985468487,40.111760403599185,0.3949862007279382
2024-01-01 00:00:10.380,-2.3069151398115153,0.6230428763111181,9.424407977287048,-29.295822777784227,14.625583030188416,40.219641475613486,0.3964484438063651
2024-01-01 00:00:10.400,-2.3537187454505686,0.6578813117954947,9.498147301922414,-29.280891651089046,15.244673236301185,40.214235630645945,0.3912502708718143
2024-01-01 00:00:10.420,-2.310050500595083,0.6339101729247578,9.467500775900124,-29.475545766606388,15.295399189194793,40.17546318428491,0.391415178599688
2024-01-01 00:00:10.440,-2.3210786075595986,0.6814312636111943,9.4977277043907,-28.945722735805905,15.4196490738153,40.25295555750691,0.39586213858373537
2024-01-01 00:00:10.460,-2.268991178800903,0.6759743294541699,9.519147721094464,-28.672509931221203,15.414557546333773,40.23094701774911,0.392807881937727
2024-01-01 00:00:10.480,-2.290088342429898,0.675695649252128,9.471827576288089,-28.523892902468486,15.763100905877474,40.08243362495794,0.3959982126952502
2024-01-01 00:00:10.500,-2.277533388464304,0.8026674547621113,9.530492109298288,-28.35815672720101,16.23328127300296,40.33300186729273,0.39230549848733276
2024-01-01 00:00:10.520,-2.314871803920252,0.670666290541401,9.53688846860215,-28.581022664362433,16.37917600763611,40.10747846286324,0.39610066106365854
2024-01-01 00:00:10.540,-2.250653106378846,0.8188809114130726,9.490322908520856,-28.065557153151747,16.34746697817056,40.199882585201436,0.393453541544728
2024-01-01 00:00:10.560,-2.2213794382089564,0.8305999999610636,9.505230209794853,-27.9996818555033,16.65922261975136,40.295282205896186,0.3937070275577625
2024-01-01 00:00:10.580,-2.2282460528293635,0.8264517205891361,9.536903442031027,-27.663157535357342,16.82474402613296,40.557626432561136,0.39632000595443473
2024-01-01 00:00:10.600,-2.198933259762084,0.8752972232262287,9.508790688607636,-27.523917000936017,16.990745920580473,40.29999132147751,0.39246702895622876
2024-01-01 00:00:10.620,-2.2208605786436584,0.9256718015051897,9.506589015801977,-27.62442320064139,17.34148347479042,40.396549085683205,0.3913083257192672
2024-01-01 00:00:10.640,-2.180036972427218,0.8845725803670474,9.528873501079504,-27.54092391822259,17.41875986045258,40.334977249657804,0.3922934414950604
2024-01-01 00:00:10.660,-2.1560326152246354,0.9061039273685051,9.527843000097965,-26.7531437406189,17.44367379084351,40.27483447476938,0.3940952378124034
2024-01-01 00:00:10.680,-2.120113363512379,0.855875872694507,9.587684659219013,-26.624021283367053,18.101288382513495,40.40067297936309,0.3900590517667339
2024-01-01 00:00:10.700,-2.1101840332204858,0.9638831492650854,9.49217942566186,-26.682987831634584,18.18758195645071,40.18518596783096,0.39446551171641936
2024-01-01 00:00:10.720,-2.099788726363581,0.9460464964569967,9.579916705382457,-26.661666166823107,18.24907800818655,40.78898049344838,0.39211302727588165
2024-01-01 00:00:10.740,-2.082616776334721,1.0085944788139294,9.518650125944971,-26.23883050790177,18.50101741348442,40.74919467084466,0.39548619523258427
2024-01-01 00:00:10.760,-2.0574994512662736,0.9980033360030729,9.57904780678045,-25.64511244995551,18.592664533791513,40.599581202823785,0.38840204930131617
2024-01-01 00:00:10.780,-2.078994523538813,0.9852963743144653,9.484511683390407,-25.472220665264725,18.642781049728345,40.779542766102566,0.3916174383608866
2024-01-01 00:00:10.800,-2.0328064242718056,1.019690395044044,9.496920127187439,-25.679389821813214,19.076983023112152,40.61259728088214,0.3898176336086489
2024-01-01 00:00:10.820,-1.9995975068376541,1.0027417256422522,9.517260607179669,-25.448208469893384,19.103207742125733,40.71428944215082,0.3915381109783892
2024-01-01 00:00:10.840,-1.918466543864274,1.0943051617752073,9.555888588696142,-24.92981252367462,19.418810335945505,40.70740084011748,0.393685901713335
2024-01-01 00:00:10.860,-1.9609881626083163,1.0549958518159674,9.518569334674469,-24.76489905731469,19.478639493911473,40.83208042703217,0.3928321166602176
2024-01-01 00:00:10.880,-1.9081516504785874,1.1458680095838343,9.582306229111431,-24.495923942192878,20.199528254444573,40.68910628372622,0.39268381477319886
2024-01-01 00:00:10.900,-1.8634178952481917,1.116300613291655,9.558471168199215,-24.452630715756175,20.10739801793648,40.89290207370429,0.392872200168357
2024-01-01 00:00:10.920,-1.866993403932926,1.1508534101648233,9.62135278671964,-24.226142532608893,20.113090498408734,40.87580623930166,0.393597346392357
2024-01-01 00:00:10.940,-1.8847716687630582,1.1681645987763225,9.59909702782045,-24.028872144262884,20.29191535613721,40.83272776610025,0.3911734978272309
2024-01-01 00:00:10.960,-1.849994461262605,1.174059126049494,9.549376870239522,-23.511119740978398,20.441130627354145,40.56760195422483,0.3946042691929152
2024-01-01 00:00:10.980,-1.7863759621754673,1.1635071390756258,9.585604444199186,-23.700725042058163,20.519603233140906,40.67164028753329,0.39451590185188806
2024-01-01 00:00:11.000,-1.7329078120100543,1.244495879019926,9.544123384300681,-23.186129524420366,20.705222940908094,40.78780966894937,0.3939606457864293
2024-01-01 00:00:11.020,-1.7230861069151837,1.2199614270875243,9.562732851413314,-23.02576058064966,20.990838551001783,41.11612438701947,0.3943036367965974
2024-01-01 00:00:11.040,-1.6334345946505824,1.2673535396218112,9.539545076287835,-22.55410326119872,21.230988726763865,40.87300583251078,0.3937834059127344
2024-01-01 00:00:11.060,-1.6645644637340586,1.2413016449503569,9.541641206215965,-22.459197464475118,21.44765535207518,41.05404841884343,0.39726071651657924
2024-01-01 00:00:11.080,-1.6727294129044668,1.285730649308689,9.608138330242042,-22.268274313285954,21.572133568772742,40.68576289271235,0.3930163815690121
2024-01-01 00:00:11.100,-1.5952570097570584,1.3317825296834092,9.549452962974245,-21.83542913157838,21.84737032373107,40.972365271169366,0.39257640347444794
2024-01-01 00:00:11.120,-1.5995605278183238,1.341110525775853,9.56593286365376,-21.326931436578075,21.76544135794559,41.07061608183816,0.39168351475038016
2024-01-01 00:00:11.140,-1.5619901219600694,1.3628709207026402,9.576648027480116,-21.33421359650049,22.045328580755736,41.04419891677007,0.3911260445699614
2024-01-01 00:00:11.160,-1.5167883702395342,1.413910286452528,9.584247862865508,-21.03944493138591,22.34845421360153,41.29104605020757,0.390701626335915
2024-01-01 00:00:11.180,-1.4577412784767032,1.3992231781595494,9.547639191857696,-20.779797673715176,22.50256015132299,41.0018188399102,0.3914129752846553
2024-01-01 00:00:11.200,-1.4953643517634352,1.3735599849504654,9.56822140926451,-20.38583312293858,22.423055594300273,41.29301016921453,0.393049209147813
2024-01-01 00:00:11.220,-1.4338228003051463,1.432941890150991,9.633685215464123,-19.887752623938486,22.674196638443128,40.82245553894526,0.39385916016809036
2024-01-01 00:00:11.240,-1.3903253435263654,1.416872602186224,9.535678103830282,-20.017578133057416,23.030482796085366,41.25579305888571,0.39329285402822145
2024-01-01 00:00:11.260,-1.3655597158592359,1.4465590318736294,9.60569587855033,-19.611485776593025,23.148205616413993,41.26653311691543,0.3916594993562577
2024-01-01 00:00:11.280,-1.2722551307413934,1.4983460963762896,9.625767296875638,-19.177098857765625,23.28400847132694,41.44266380684597,0.39499093903915705
2024-01-01 00:00:11.300,-1.3317356424993132,1.4608768057935906,9.60131940584616,-19.014395192029237,23.429033375135834,41.18836492590084,0.39466939525571904
2024-01-01 00:00:11.320,-1.2932406163857304,1.5062120645768142,9.616760212611702,-18.864456734414333,23.694343516533714,41.28634364282462,0.3928712732962509
2024-01-01 00:00:11.340,-1.2694149365672496,1.5418240235773777,9.610946563216395,-18.357139395574283,23.599882136780085,41.18484094289003,0.3918847376217877
2024-01-01 00:00:11.360,-1.2551156103834882,1.5188874487215454,9.618071101470957,-18.17751451694387,23.93759650641668,41.374409351733696,0.3942874257527767
2024-01-01 00:00:11.380,-1.1402363025850974,1.5245954065615857,9.636161378591519,-18.13487665439516,23.82864532654655,41.57614611114827,0.3935665170860893
2024-01-01 00:00:11.400,-1.1296896886003034,1.509340739894377,9.570484615233086,-17.6069697590612,23.727428115174174,41.609786348987555,0.39029431539228704
2024-01-01 00:00:11.420,-1.0672268569911674,1.5985222940782502,9.624168825521375,-17.167085175951936,24.121374472985682,41.2864669177081,0.3930546093991261
2024-01-01 00:00:11.440,-1.0213566366334716,1.6079661963741443,9.636455443428192,-16.799483693573965,24.182739398415144,41.530068226932066,0.39371464153526586
2024-01-01 00:00:11.460,-1.058624593511822,1.6416077050440767,9.633421406785976,-16.570798431690694,24.430659453441383,41.3945835707429,0.39139118033814163
2024-01-01 00:00:11.480,-1.007659885668776,1.5827826008770467,9.626340144348383,-16.36661403964955,24.678459197507884,41.25713545800662,0.393570256696792
2024-01-01 00:00:11.500,-1.0107669590319044,1.6367528242578218,9.591250085378142,-16.269900477394735,24.739147286341808,41.49503544439646,0.3902809249406015
2024-01-01 00:00:11.520,-0.9138274124509095,1.6128092012123174,9.61305946034221,-15.638872894317052,24.83119732812973,41.36489287389804,0.3958629421111415
2024-01-01 00:00:11.540,-0.9117325254739155,1.6360766147970973,9.678720470753541,-15.27519203140834,24.88392686744272,41.35172252993818,0.39568646988123596
2024-01-01 00:00:11.560,-0.8113312992297257,1.6637613435968432,9.622237686515291,-15.120665829879663,25.312222128291918,41.17553100936021,0.392685535242489
2024-01-01 00:00:11.580,-0.7912024558293185,1.698994695890443,9.598967978516251,-14.677699024285303,24.87324602697147,41.42968419972692,0.39391747858679527
2024-01-01 00:00:11.600,-0.7822939412119968,1.6221579728755078,9.658328515470405,-14.494769715289857,24.925943766541106,41.51355312538017,0.3883707259795174
2024-01-01 00:00:11.620,-0.6812686193095137,1.6906903112169167,9.56156340395258,-14.16211946419447,25.03498008870277,41.589530987689066,0.3908778745905864
2024-01-01 00:00:11.640,-0.6880169693448855,1.672383755602653,9.605995347324635,-13.563638072024704,25.682099392068338,41.52494194567942,0.39260301207081283
2024-01-01 00:00:11.660,-0.6503760410491292,1.7181067062573439,9.611737200610207,-13.444200560265779,25.764060144305084,41.730048498447964,0.3910463038682412
2024-01-01 00:00:11.680,-0.6513860670621449,1.7249515003307945,9.614482394876982,-12.951797915286036,25.52737816470445,41.513561257675654,0.39461936287637844
2024-01-01 00:00:11.700,-0.6277441620917027,1.7216462382414843,9.637240168225366,-12.725192652699373,25.498435205183267,41.55849556745984,0.3971851629726131
2024-01-01 00:00:11.720,-0.5622336104701621,1.6994027301336487,9.656909466724603,-12.1180809374831,25.96461499394641,41.712887003841104,0.3908373404722585
2024-01-01 00:00:11.740,-0.6013423931430659,1.7383378556326654,9.608714918563896,-12.098185378881704,25.953848144989692,41.55189021716828,0.39151564310294673
2024-01-01 00:00:11.760,-0.47689413886175647,1.7782333526202336,9.661104577493,-11.913333719858713,25.913912647865565,41.68650081943663,0.3936614666477148
2024-01-01 00:00:11.780,-0.46475689063568304,1.7883674920009656,9.633053691569028,-11.24925131352041,26.00088550674167,41.64263302732043,0.39641280220811637
2024-01-01 00:00:11.800,-0.45666986398071074,1.836902630977633,9.58378958544843,-11.131157468115653,26.289003154458026,41.566358827019876,0.3907458212860373
2024-01-01 00:00:11.820,-0.35458135575861444,1.8004296181935044,9.634891400815606,-10.63090210667736,26.336311907284465,41.707751254010475,0.393688642155731
2024-01-01 00:00:11.840,-0.34375981359153884,1.8221189843880068,9.579376175837504,-10.394577336304009,26.50078066274107,41.369140977156434,0.39683316761274334
2024-01-01 00:00:11.860,-0.2925772665961847,1.7886802088416,9.605328415352712,-9.777181776798912,26.55823743053999,41.59798131645694,0.38988705161473636
2024-01-01 00:00:11.880,-0.2393535761523746,1.8459386587510076,9.614705012147875,-10.001320435897973,26.442316834471267,41.67261001152286,0.39062843149742543
2024-01-01 00:00:11.900,-0.19035296742167165,1.822845614689134,9.597471275981887,-9.375355548609397,26.353948023704266,41.637558675540234,0.3923433566981954
2024-01-01 00:00:11.920,-0.1830232295108171,1.8198276603479535,9.602499397271357,-9.157502478748963,26.925327088559175,41.462518151327714,0.3921493930854063
2024-01-01 00:00:11.940,-0.12390543092174693,1.8430288086540423,9.5747213417442,-8.702088854926712,26.960397003130257,41.33393814667316,0.3948157724866244
2024-01-01 00:00:11.960,-0.14775505806346523,1.8556241630148054,9.596919975231417,-8.537960668321817,26.82130176407758,41.58449762484855,0.3936738893507588
2024-01-01 00:00:11.980,-0.05058164105033865,1.8729215646421644,9.582084348384491,-8.244348276507136,26.665081917057265,41.57483229979882,0.3896406457918329
2024-01-01 00:00:12.000,-0.06341696461957204,1.9060511831571718,9.62949170567081,-7.790356190143299,26.918241814709877,41.16260078765678,0.39422139071689655
2024-01-01 00:00:12.020,0.00491945139493319,1.8338381936850379,9.602261062037702,-7.456524434937385,27.034998156689564,41.5695269003036,0.3920354921364058
2024-01-01 00:00:12.040,0.020332374275003527,1.8941095241947377,9.592800407776842,-7.124771256547885,27.341057765678595,41.31513939807762,0.39573946434499957
2024-01-01 00:00:12.060,0.12738368281517187,1.8610507248846473,9.583231053019786,-6.7656666539713655,27.37662602383586,41.436405192143624,0.3919353948382433
2024-01-01 00:00:12.080,0.1202818086118586,1.7995178962441027,9.609238208283035,-6.3998956288053686,27.17356955015816,41.593528499347585,0.39191733934491263
2024-01-01 00:00:12.100,0.1664154987892136,1.907868641830944,9.554504162323106,-5.750889374118258,27.122377653413995,41.369109800606914,0.39427283313270395
2024-01-01 00:00:12.120,0.24476820571645205,1.9123373176941212,9.646790361653183,-5.61092895031611,27.142252363643195,41.35106487532718,0.394716422875791
2024-01-01 00:00:12.140,0.24665857276805236,1.9224381972532998,9.563132655391252,-5.277257446770237,27.503741613303422,41.52351977440977,0.3940867686389895
2024-01-01 00:00:12.160,0.3078844611963593,1.8728968788010492,9.555675610692818,-4.981077268069681,27.340365280201645,41.42409518262729,0.3898193752763475
2024-01-01 00:00:12.180,0.29093645145644026,1.8999163108917074,9.578344848427685,-4.673216446143538,27.49772553839417,41.29237993714262,0.3942666387909736
2024-01-01 00:00:12.200,0.37401534281724247,1.848929727664287,9.53702733966572,-4.384758247577527,27.300096197184057,41.50282188006871,0.3911219538077461
2024-01-01 00:00:12.220,0.44187212807005544,1.9334250021337298,9.567040005563483,-3.9169553839703077,27.721086418056476,41.18801173140374,0.39366112213429366
2024-01-01 00:00:12.240,0.43846288375981013,1.939737910733128,9.608687804758365,-3.5042537608131727,27.862565074150492,41.084855508434096,0.390343101040319
2024-01-01 00:00:12.260,0.4807270792416629,1.944556555177422,9.57169965200261,-3.487412799993078,27.7225010204377,41.09697705975279,0.39408321420620324
2024-01-01 00:00:12.280,0.5148085912808503,1.9134233023258542,9.582866003952914,-2.861081132966981,27.46469314625054,41.23790356706681,0.3915773721025024
2024-01-01 00:00:12.300,0.5396275059815285,1.9181093787354897,9.589429864941845,-2.656283101285306,27.54587920510937,41.240996202987006,0.3906253006105739
2024-01-01 00:00:12.320,0.557163155876341,1.9416497507366206,9.55637822869008,-2.321233576405056,27.48537018628966,41.09644440592446,0.39461821018408194
2024-01-01 00:00:12.340,0.6191995320746873,1.9101182860857977,9.593610939080119,-2.0412149989337585,27.541737457162533,41.140602471232995,0.3936738589544706
2024-01-01 00:00:12.360,0.5991306211592206,1.9467935017610627,9.559684691370384,-1.544414730495539,27.57638392898182,41.093253090040186,0.39196261630833135
2024-01-01 00:00:12.380,0.7360769775652719,1.9065199229353216,9.575586906185116,-1.2411808596812415,27.729953039348455,41.284336441493956,0.39609292760915926
2024-01-01 00:00:12.400,0.7934736840446188,1.913053099858959,9.611209567159053,-0.87162312934231,27.70551627941202,41.00496726700895,0.39230926506795544
2024-01-01 00:00:12.420,0.7736117844652336,1.9340545327877798,9.573071619892747,-0.40716153587733256,27.8712918958083,41.088471172644155,0.393254785259059
2024-01-01 00:00:12.440,0.83404530873885,1.9009557988472867,9.5383201056409,-0.3889487763408961,27.705464852637274,41.16768085891688,0.3937283968064743
2024-01-01 00:00:12.460,0.8254015722473802,1.9241546824272697,9.558028657292455,0.18187760797785835,27.784910665475767,40.84915485346927,0.39195123804285986
2024-01-01 00:00:12.480,0.90158682301858,1.9596596516990803,9.532135820651147,0.32928491144436206,27.652208076706202,40.65848935269142,0.39413284249791697
2024-01-01 00:00:12.500,0.893741385998049,1.8764984870783588,9.619029204796917,0.8520341287772505,27.816802293742768,40.60417960838684,0.39212366521678765
2024-01-01 00:00:12.520,0.9601337809814735,1.9327623521389632,9.514571377144867,1.030785230612101,27.458999554808226,40.849251212216245,0.3923672932666847
2024-01-01 00:00:12.540,0.9859361230093572,1.9321440528162697,9.543810423530783,1.5013295405212561,27.81099838152394,40.96945672183443,0.3959158551907016
2024-01-01 00:00:12.560,1.052954796488609,1.9844367369271223,9.519556113942723,1.962664671362145,27.607601606500236,40.85232321655675,0.3911093978060923
2024-01-01 00:00:12.580,1.0244595851545748,1.8866823770826269,9.592691605118203,2.08991511514887,27.696284459639557,40.593074914190396,0.38836500924925815
2024-01-01 00:00:12.600,1.1205489937009485,1.9066018170097718,9.54210636461702,2.6739532334154013,27.72489853796673,40.75759274022404,0.3964124439011409
2024-01-01 00:00:12.620,1.0986471992441533,1.9347417277073282,9.526086357069545,2.850188552386266,27.583638580550474,40.2623862741912,0.39828922581633114
2024-01-01 00:00:12.640,1.1489070136489512,1.9233999285594687,9.528290924088076,3.2484175616739086,27.4805574217923,40.64927165253997,0.3923800313801962
2024-01-01 00:00:12.660,1.1829184482287318,1.9022723247823219,9.554215996071784,3.6339471592405244,27.457680461205424,40.450719483082736,0.3893168938298767
2024-01-01 00:00:12.680,1.272304448098833,1.9160635048989347,9.550860243879251,3.8300218996623068,27.44774512337523,40.60354052283551,0.39256960195872526
2024-01-01 00:00:12.700,1.249532271356648,1.8735354062674443,9.54277057058474,4.19710901838841,27.559628253349928,40.38764345102536,0.39261812401143575
2024-01-01 00:00:12.720,1.292951373626658,1.8480890919355548,9.509687541174763,4.519036838616431,27.56073339254745,40.25433685494997,0.3928107222290726
2024-01-01 00:00:12.740,1.3172736313894402,1.8711826687992152,9.560352652927074,4.837710156185688,27.24038345982296,40.42266764476301,0.3909637938272512
2024-01-01 00:00:12.760,1.3657544754994129,1.923151655960911,9.520170464707872,4.991293871643252,27.261144932646335,40.71800820220608,0.3943496921960701
2024-01-01 00:00:12.780,1.3850444163987103,1.8490517783390614,9.50899276340078,5.251723340380008,27.066980523576294,40.20991012303589,0.3942395846616893
2024-01-01 00:00:12.800,1.4138750516633065,1.8310646945743767,9.488820175620617,6.012946060456027,27.126389302513374,40.364604815516174,0.3902017586714785
2024-01-01 00:00:12.820,1.4342953622752128,1.8791478224282443,9.515225496993931,6.0038861836016775,27.004885761967795,40.2963338290619,0.3945889633745069
2024-01-01 00:00:12.840,1.4566871423497294,1.8752136467196736,9.492313424087484,6.7414886150185875,27.30367677706644,40.16676267060452,0.3972959398749867
2024-01-01 00:00:12.860,1.4177862190898638,1.8407513239295694,9.526551995737691,6.776268947472798,26.915980324005456,39.991322343588756,0.3935344905759912
2024-01-01 00:00:12.880,1.482776973758813,1.8525605901676012,9.53816641064365,7.136327620005692,27.158108885595972,40.377773018761985,0.3925159195869801
2024-01-01 00:00:12.900,1.5393703473023657,1.8428764089981955,9.447937965299241,7.2150327474210485,26.90002669137538,40.29646779180731,0.3929065634823021
2024-01-01 00:00:12.920,1.6395577047277095,1.8336906520359606,9.484934723342155,7.64414883714206,26.804525927410722,39.90436678381572,0.3944210834450542
2024-01-01 00:00:12.940,1.659509570599787,1.8491623136786,9.453776045662755,7.9001758324151,26.96155067552813,39.930937630623305,0.3897292267001027
2024-01-01 00:00:12.960,1.627183188029332,1.8370439175625308,9.457865717580402,8.274295631603723,26.783176361560418,40.186607182608284,0.3935193513170717
2024-01-01 00:00:12.980,1.6103799356243909,1.8132295272104018,9.428766775697884,8.602342041555756,26.56065861448713,39.79524799150153,0.39240964201216927
2024-01-01 00:00:13.000,1.7492498206006093,1.8125159992234634,9.442644968765217,8.682219323738337,26.72723761450516,39.92043337527363,0.3968862199370292
2024-01-01 00:00:13.020,1.70622876311897,1.7426730148270755,9.433490558651307,8.946441509124472,26.247382476731023,40.22884551014437,0.3928422244435072
2024-01-01 00:00:13.040,1.7836599722594213,1.8582101749939983,9.484991479839872,9.460267657532453,26.560482048194142,40.075631228490714,0.39652634513335616
2024-01-01 00:00:13.060,1.7759417804157391,1.7699606685791114,9.431284667583498,9.706304901343572,26.33047689757215,39.870778730769906,0.3909830885155531
2024-01-01 00:00:13.080,1.8655732490548576,1.7686832051328782,9.520286962246681,9.836541997734152,26.682201808006972,39.943985169224135,0.3943650882447005
2024-01-01 00:00:13.100,1.8702018323075513,1.713313501511069,9.4337403296879,10.109440050539703,26.274435597908205,39.67464427210981,0.3938293704386996
2024-01-01 00:00:13.120,1.8324740813025961,1.7541014052228525,9.44887631584302,10.68044148711755,26.020847107075948,39.867571927430376,0.3914524754153875
2024-01-01 00:00:13.140,1.96610959209418,1.7149092012748561,9.454591343751055,10.887806770437141,26.090915270988283,39.77320926795404,0.393545362140391
2024-01-01 00:00:13.160,1.9179171447168328,1.737680127441146,9.448137428449169,11.000032697673173,25.935742617290757,39.639695539536916,0.3956156075847803
2024-01-01 00:00:13.180,1.8907944904262,1.7311973021397142,9.457360558795719,11.198819007632823,26.074992552364623,39.67764978952348,0.39254298650252173
2024-01-01 00:00:13.200,1.9541959436306933,1.7351605198675755,9.481663707881092,11.413498294833929,25.682311122670193,39.82732060549116,0.3898066446127776
2024-01-01 00:00:13.220,1.9942135175082993,1.7100236217344893,9.401483337156932,11.895103142680657,25.748383548570338,39.59261235955014,0.39315544425816223
2024-01-01 00:00:13.240,1.9693436165062896,1.690906815542636,9.441644180461186,12.139401171725225,25.470275093367643,39.56195057899475,0.3913857237215321
2024-01-01 00:00:13.260,1.993731065474569,1.6588175531697291,9.39595596139613,12.45571532105125,25.598342648219266,39.423970444161455,0.39250588803378933
2024-01-01 00:00:13.280,1.9787765004547415,1.6690198078970346,9.385133700080683,12.43595057419118,25.381834569811517,39.80128825796932,0.3930273943717247
2024-01-01 00:00:13.300,2.018015979547694,1.6532171730276604,9.386864660763656,12.52814145604879,25.30356371858508,39.30785541438931,0.3897792654790861
2024-01-01 00:00:13.320,2.078629114233382,1.6759960707352652,9.408277733595542,12.968660694603006,25.101409965137282,39.42389560558205,0.38995925323247577
2024-01-01 00:00:13.340,2.0728112880894347,1.6584587882452706,9.401261892818791,13.229188992360378,25.049411154816397,39.38024387840241,0.39415470358216814
2024-01-01 00:00:13.360,2.080602416070742,1.6665708367404155,9.447234321473044,13.33242910601028,25.055581165107032,39.54790734793787,0.39214513251877775
2024-01-01 00:00:13.380,2.1397661623069273,1.6465807692371188,9.359525829221703,13.917882695430743,24.59579510625083,39.45517557912107,0.38806108122745375
2024-01-01 00:00:13.400,2.1794391234026467,1.61850647791132,9.447414416626858,14.129460769250024,24.558582442535553,39.388024776482546,0.3947602579843334
2024-01-01 00:00:13.420,2.1670088617983096,1.595945236906229,9.407192394885595,14.24430977029526,24.874014523445673,39.65261578279179,0.39373530942166557
2024-01-01 00:00:13.440,2.1824403656314963,1.5726596676079452,9.439965094223037,14.242791258620418,24.854300419511514,39.20496327181661,0.39176282026304415
2024-01-01 00:00:13.460,2.139323079844235,1.553103199569443,9.473869523540692,14.867231275874502,24.506414129056964,39.172243453134946,0.3905569094890006
2024-01-01 00:00:13.480,2.183080599802883,1.549334096094436,9.384764615397678,15.018778903230382,24.22346416288976,39.38517079475937,0.3948621857037458
2024-01-01 00:00:13.500,2.2263370046045896,1.5213585396542095,9.404514356366452,15.201003966429822,24.295944530993893,39.29485970938236,0.39388927115623795
2024-01-01 00:00:13.520,2.255575659220774,1.5092451728000666,9.432707195000878,15.359776135275666,24.15596482074329,39.35327091925123,0.3979557744764631
2024-01-01 00:00:13.540,2.2680711260415216,1.5484300012029975,9.412358805053545,15.710207662756932,23.765108290666337,39.093245538313504,0.394030947108567
2024-01-01 00:00:13.560,2.3533804281266715,1.5348041487256534,9.417112041255429,15.727665296447363,23.643110773838824,39.35297769630775,0.39396597619364115
2024-01-01 00:00:13.580,2.2420445534630926,1.4864586610765347,9.449509853053302,16.168504731717917,23.582615482963398,39.435914955551226,0.3928567140509
2024-01-01 00:00:13.600,2.3312266937188353,1.5197399619041905,9.42976298977162,16.43354326401698,23.51027573910173,39.085465377024825,0.3948241216455187
2024-01-01 00:00:13.620,2.253325599178632,1.4758438121743893,9.368586702484341,16.667614672017148,23.330740179777976,39.21641425218246,0.3944407403135912
2024-01-01 00:00:13.640,2.2568601644176582,1.4540636375184333,9.421282094821539,16.580260359788305,23.070812987497188,38.967226953969885,0.3956940199282475
2024-01-01 00:00:13.660,2.3385065388119157,1.44728574823667,9.421428095842913,16.922870601645368,22.949437560387306,39.63780299997667,0.3921479240738425
2024-01-01 00:00:13.680,2.2912166124146585,1.4145298016970151,9.360299641037967,16.858604171656477,22.73929919437923,39.248084797268454,0.3923197549652292
2024-01-01 00:00:13.700,2.269434247538807,1.4250322529537545,9.383091292230766,17.441312638545288,22.79686144176756,39.25145360212961,0.39223236356929314
2024-01-01 00:00:13.720,2.3639158249560808,1.4210254465430474,9.387417532282061,17.122600002331883,22.543134859604663,39.00001220525081,0.3947721733534529
2024-01-01 00:00:13.740,2.363080538265247,1.3527322722128545,9.351073628007741,17.298898953225503,22.518233657870507,38.82147246105351,0.3961873187917106
2024-01-01 00:00:13.760,2.3561241002223423,1.3430643287970225,9.393841812971619,17.565649068535045,22.274382950873793,39.0314702400269,0.39227288892481854
2024-01-01 00:00:13.780,2.418160611114115,1.29587171232028,9.419267151335486,18.001053545056987,22.253438413935385,39.28994277041928,0.39234102245553093
2024-01-01 00:00:13.800,2.3349522157996634,1.3531871163854403,9.417612895792233,18.228847607929318,22.229739907590965,39.15675632174992,0.39381872435885673
2024-01-01 00:00:13.820,2.3814923425843726,1.281721065445824,9.386713896016287,18.332685158741644,21.984751827423036,39.18094201039108,0.3926990469110691
2024-01-01 00:00:13.840,2.4026635371078453,1.3471584274017132,9.42525506413191,18.395532187243454,21.70596796408769,39.04120354973539,0.3950946772173969
2024-01-01 00:00:13.860,2.352074925798484,1.288009272816225,9.484976958435476,18.683065537344103,21.58795671158189,39.070014553523485,0.38868701532987904
2024-01-01 00:00:13.880,2.3856384764193215,1.3053444459544352,9.391392365606551,18.681958255491253,21.26515084995676,39.32349378139988,0.3915371598172833
2024-01-01 00:00:13.900,2.384287495762022,1.2635673483886745,9.427113698333144,18.951315166928303,21.160380989807873,39.30666353752885,0.3916257372431942
2024-01-01 00:00:13.920,2.3649581818868235,1.2040306833316203,9.44657566767009,19.010434046859363,20.92036621017972,39.34882752440407,0.38854985788634483
2024-01-01 00:00:13.940,2.425511168330617,1.2568625328539575,9.472919411141621,19.16566316809112,20.91000773174428,39.21364417714121,0.3912632930223795
2024-01-01 00:00:13.960,2.395032739873213,1.1851920223303831,9.461345910500599,19.566086555537943,20.812821152427436,39.04099294674692,0.3913602576794031
2024-01-01 00:00:13.980,2.4130302512229047,1.1479334103228305,9.391961232176534,19.621491312395083,20.574022126196855,39.519021938346974,0.39278836060207944
2024-01-01 00:00:14.000,2.406454507362466,1.1548187234324367,9.424469926440947,19.68169195717167,20.146962442396845,39.305998503955145,0.39541650169443765
2024-01-01 00:00:14.020,2.4233454702275257,1.1654903243858754,9.467588777415985,20.11223612338387,20.55255495332729,39.54519196660885,0.3927004486087357
2024-01-01 00:00:14.040,2.3321108377422632,1.1327572650476787,9.451098911411076,19.80300355243258,20.28545039624905,39.182005368360805,0.3911289424705748
2024-01-01 00:00:14.060,2.342561642314246,1.0877999615828449,9.407743847161056,20.121765272580358,19.788666033330056,39.21499752576074,0.3930766608286679
2024-01-01 00:00:14.080,2.38672768496936,1.1384308514875074,9.496469111911342,20.11557122565793,19.94390327057541,39.45474460606185,0.39528891715399983
2024-01-01 00:00:14.100,2.3587813567809004,1.0873987614418181,9.45551954755458,20.384148919122097,19.434606298598606,39.31247399825853,0.3912386522788873
2024-01-01 00:00:14.120,2.3913883365428363,1.0654381666628536,9.450961359810488,20.35305719402086,19.594217346817345,39.562144893257546,0.3913694201432742
2024-01-01 00:00:14.140,2.4263533162852315,1.0682709436385875,9.413265231212362,20.742512133488635,19.175634735438404,39.002299195586005,0.3943076678296656
2024-01-01 00:00:14.160,2.394982414515852,1.0435592757457453,9.457864786221657,20.434820828664254,19.325876584464705,39.38246725686684,0.3927474976796333
2024-01-01 00:00:14.180,2.3998569721268845,1.0038859022543491,9.457898606789724,20.699799006664264,19.181317516111136,39.66346866301149,0.39448553929253605
2024-01-01 00:00:14.200,2.3637748937583694,0.9190179781244899,9.453061919080923,20.925350247330783,18.711772609721887,39.48652892032951,0.3931632763275265
2024-01-01 00:00:14.220,2.3337347810088,0.9251610353785359,9.502201673175275,21.061766436487012,18.815240869869797,39.6039702350744,0.39459389720729626
2024-01-01 00:00:14.240,2.361975655228599,0.9409178239348447,9.446059577077854,21.23934076462734,18.568668364532577,39.401006570985274,0.39112041368303585
2024-01-01 00:00:14.260,2.3482256050214683,0.9524847945721472,9.44212976910182,21.34314716606211,18.165737075533812,39.23649752649892,0.39316640060951835
2024-01-01 00:00:14.280,2.331112276220653,0.929584917014912,9.412903381076251,21.006913049339346,17.87245671602511,39.732638177514154,0.3927691898823908
2024-01-01 00:00:14.300,2.3208738525546657,0.8713392439614294,9.471119760924562,21.436170463699682,17.866695588530963,39.986220138053945,0.39075878806290887
2024-01-01 00:00:14.320,2.298324921654912,0.8688972555372073,9.537098133359088,21.318443182277942,17.647412770389654,39.78143980130089,0.39006361401537976
2024-01-01 00:00:14.340,2.2938598798063166,0.8539474862422929,9.543586517189556,21.484818667857578,17.46689155179933,39.53953968508463,0.39456206798166643
2024-01-01 00:00:14.360,2.276713854543522,0.8799428206531695,9.48835538470867,21.88994862950414,17.170149221914645,40.12955022217115,0.392488665146659
2024-01-01 00:00:14.380,2.335743140164851,0.8281954472839409,9.501953778861447,21.75354806170337,17.234988854612766,39.863691053483,0.39114600934782245
2024-01-01 00:00:14.400,2.2688267219318665,0.7670371823159322,9.499648763427137,21.83052126572686,16.80021278213269,39.9379261427902,0.3929982120372705
2024-01-01 00:00:14.420,2.2856657494576145,0.7653179904647816,9.492596762243256,21.95630732011149,16.575868073526838,39.951182293976515,0.39544660762581574
2024-01-01 00:00:14.440,2.2386131074327884,0.7753242024363578,9.54365284133395,21.887332597537426,16.842805768942544,40.00785557575993,0.3886290942203733
2024-01-01 00:00:14.460,2.2129588243142555,0.7052182998587916,9.523159519097836,22.277641851866377,16.27152808760537,40.11306285890724,0.39019729253131047
2024-01-01 00:00:14.480,2.2650839247882457,0.7392709685166865,9.479178124960523,21.911436428143798,16.03549813679486,40.16006514061791,0.3913447970273266
2024-01-01 00:00:14.500,2.1970710868618544,0.6564796343914092,9.513733331076184,22.408105014662947,15.936222706771131,40.39180032087239,0.3961129276445356
2024-01-01 00:00:14.520,2.2383148873719567,0.6211192637486372,9.478283638214496,22.32366184952499,15.946086842209416,40.23256573792993,0.3937557438769557
2024-01-01 00:00:14.540,2.1499721669744347,0.6517111442183723,9.550624719396248,22.640224094692005,15.42691011982335,40.18503444935133,0.39472520439203956
2024-01-01 00:00:14.560,2.1720587215928377,0.6575539118126914,9.484319201901314,22.15111692098033,15.645814266627863,40.48288274435207,0.3909102480728647
2024-01-01 00:00:14.580,2.1781555314986174,0.5920110153102812,9.56441906181656,22.33024292354831,15.278659736234827,40.52443894950657,0.39095149816057606
2024-01-01 00:00:14.600,2.0858400731739835,0.5805141661560884,9.554873061853604,22.719824714238325,14.652988677903082,40.44413467995315,0.3940861973445403
2024-01-01 00:00:14.620,2.1427236730126005,0.5117025895046041,9.554061869390665,22.396886955980175,14.381686861430536,40.706950891028136,0.393307118572988
2024-01-01 00:00:14.640,2.057477093643567,0.553225197807349,9.58184912893167,22.46388718573839,14.579985021767824,40.96711479401484,0.3942880475488454
2024-01-01 00:00:14.660,2.110110902228182,0.5007170458461081,9.591777028147815,22.486470777592608,14.195901081088339,40.69745351893155,0.3928152279292602
2024-01-01 00:00:14.680,2.0932671732876607,0.44608790519697145,9.58778765964489,22.719391776318556,13.96284074167104,40.65274494922606,0.39374685736402637
2024-01-01 00:00:14.700,2.0616266670251444,0.4661529754065084,9.538575823987633,22.758574916936816,13.89216480614068,40.50961747007316,0.39350680808090516
2024-01-01 00:00:14.720,2.041082392911184,0.4163733688413975,9.575049962142222,22.44173226693322,13.846830821764605,40.94672664554521,0.39474610468928695
2024-01-01 00:00:14.740,1.9910080197738307,0.45218545293798046,9.567117855931013,22.533617283854685,13.381123856168543,40.95967686399328,0.39480458647500605
2024-01-01 00:00:14.760,1.950592455550196,0.41196671352743974,9.621634667299977,22.77758223921423,12.98675723540809,40.90391547761687,0.3899508259223336
2024-01-01 00:00:14.780,2.018176597058253,0.34197651278056235,9.60643421020897,22.724320221885257,12.958113083853053,41.18928418062651,0.3886960328004354
2024-01-01 00:00:14.800,1.894889915722419,0.39589130279886386,9.574348419628743,22.511993917514484,12.80803796932467,41.34173892028869,0.39519406070639795
2024-01-01 00:00:14.820,1.8846940905213379,0.3257017830473742,9.605744341488501,22.779384360767427,12.555513771074681,41.23913040736258,0.39556602009764097
2024-01-01 00:00:14.840,1.8915968289822298,0.33587348475865003,9.613372500906271,22.587984042504388,12.302832888546021,41.51896201807871,0.39114932387209045
2024-01-01 00:00:14.860,1.8184965501219454,0.321110871876187,9.617456550079883,22.69912673642254,11.957964770908122,41.33360928862857,0.38947089909802585
2024-01-01 00:00:14.880,1.8692680719801178,0.25589505379313593,9.576456306148112,22.747807971889326,11.812038019616095,41.55859376776232,0.3933886395531315
2024-01-01 00:00:14.900,1.8089538451571845,0.29379364407644626,9.634806389798783,22.7937478739554,11.776879785134858,41.77855984193042,0.3950522463638182
2024-01-01 00:00:14.920,1.779084588842439,0.2065333027734491,9.688133920977624,22.85929422043291,11.277711818318569,41.509562476412995,0.3967857589559857
2024-01-01 00:00:14.940,1.7288338634887932,0.18855428250431067,9.657888865895758,22.69010917530418,11.123346041081643,41.55521215564412,0.3942231650552978
2024-01-01 00:00:14.960,1.6782416492380599,0.2261729738602278,9.66485955599364,22.623758581437993,10.891890870429279,41.706816440554796,0.3924471365179457
2024-01-01 00:00:14.980,1.7346585983343306,0.18224771049693136,9.64659990155881,22.62817236824061,10.910763603440945,41.919837197059884,0.3914043086679474
2024-01-01 00:00:15.000,1.6491117942736566,0.13882379751683918,9.627425216486674,23.028845040579547,10.529395379172529,41.92948595093732,0.3932134724944584
2024-01-01 00:00:15.020,1.6684869503308846,0.1447073981294104,9.706179075046126,22.63824486052066,10.311023864466891,42.12197513256117,0.3925920405033466
2024-01-01 00:00:15.040,1.6375291814131008,0.12567851095264015,9.658091783200382,22.925715613749492,9.913403817720068,42.269842027141515,0.3911604340996373
2024-01-01 00:00:15.060,1.5840860306723492,0.08955123611115967,9.660477070000349,22.61900307960315,9.571123552511176,42.34145436542175,0.3972880812128437
2024-01-01 00:00:15.080,1.5781590735566355,0.020871056603130017,9.65061644138809,22.7486785220953,9.443746640089428,42.309899300729896,0.3967609067152614
2024-01-01 00:00:15.100,1.5603926519036133,0.05664256634348665,9.652413596005426,22.267505098511982,9.14800009149342,42.55431769578309,0.395462667278228
2024-01-01 00:00:15.120,1.532300271992128,-0.008632427617503765,9.687315598472534,22.421214096993953,8.93397662685474,42.517848499058786,0.3913488691154989
2024-01-01 00:00:15.140,1.525153243153901,0.008858264320702712,9.715448132926712,22.37479497652343,8.79214334436158,42.68104475166407,0.39490060855968945
2024-01-01 00:00:15.160,1.50999041035947,-0.05921896169216001,9.666656897959347,22.238006411556498,8.488440774190813,42.68033205957561,0.39446982273011294
2024-01-01 00:00:15.180,1.4007707842203045,-0.06849048540226929,9.630162788099886,22.5139346708413,8.57047443097019,42.6448501277072,0.39407566115952525
2024-01-01 00:00:15.200,1.385552683485137,-0.0999584533445027,9.728778656516218,22.46255219750367,8.0266766545472,43.106202269981445,0.3956899004452047
2024-01-01 00:00:15.220,1.3713299949925126,-0.12441742760893985,9.727327131279598,22.10248711623827,8.102177630719947,42.82168841061555,0.39446131219683966
2024-01-01 00:00:15.240,1.351085588510087,-0.1522336884950259,9.699091474342465,22.522351089452822,7.749289843343776,42.85583490794057,0.3946705983837036
2024-01-01 00:00:15.260,1.230913194024945,-0.18467971331126748,9.695749118289287,22.08706407144244,7.534551376352088,43.25435217663077,0.39446438247786153
2024-01-01 00:00:15.280,1.2678494003164131,-0.20310198897727424,9.706643498792596,22.09707331469023,7.179970866509405,43.29852499618128,0.39387215272712134
2024-01-01 00:00:15.300,1.1964866861674572,-0.19238182242415036,9.73872103738983,22.066997620275654,6.7342792325112555,43.151197103758435,0.38962334765168877
2024-01-01 00:00:15.320,1.2126196679532986,-0.21990937431638344,9.68349457527341,22.01933134353944,6.864815021929011,43.60392255062843,0.39335781206593823
2024-01-01 00:00:15.340,1.1489402582402515,-0.25525067995377476,9.721275735906472,22.035139057495222,6.478949297745326,43.562196206584986,0.39207818599341887
2024-01-01 00:00:15.360,1.136474781019044,-0.22299884184865018,9.761252124116746,21.749677219095616,6.165430367122772,43.41452655537063,0.39063088799583706
2024-01-01 00:00:15.380,1.0709909622976785,-0.26812492744498884,9.759476023343282,21.591216297324603,5.990224482667546,43.65412448416584,0.3965542031496966
2024-01-01 00:00:15.400,1.042538757993088,-0.2856972585902745,9.738692815918004,21.80789539689368,5.773125816104747,43.75068098837297,0.3966485605928885
2024-01-01 00:00:15.420,0.9902481585252884,-0.3201636042863466,9.753106076647782,21.711866833736025,5.435085784527115,43.86399680335828,0.39590901111170834
2024-01-01 00:00:15.440,0.9912727657814282,-0.3575658639459822,9.727970329027716,21.44051207257332,5.246508652927246,43.98985286721859,0.3937009967448289
2024-01-01 00:00:15.460,0.9817024415389036,-0.3803303952627527,9.75733134282475,21.36749976062978,4.947700913157843,43.88328198749144,0.39589182015302243
2024-01-01 00:00:15.480,0.9391561578125978,-0.4362069305871186,9.728150563325602,21.304979950771795,4.519392856178426,44.25358263779881,0.39321467627229856
2024-01-01 00:00:15.500,0.8269438123826381,-0.4071233032791563,9.721097136917473,21.457325992171697,4.5163108245570855,44.446058803036266,0.3935961644649127
2024-01-01 00:00:15.520,0.8617853728634092,-0.4353816806824161,9.777858766930704,21.18014509324274,4.637405905690655,44.20218934276002,0.39100362717019316
2024-01-01 00:00:15.540,0.7860288992733194,-0.47085728969998075,9.812058994093693,21.155439995434485,3.8693284261719425,44.37779092445712,0.3939845525201148
2024-01-01 00:00:15.560,0.8377041430730459,-0.4616150170339842,9.774072870892832,21.148732085286326,3.657694931137291,44.673565382293766,0.39331134176796595
2024-01-01 00:00:15.580,0.7200402367908891,-0.4919452728773052,9.761037618525558,20.963121050387624,3.4606025793461224,44.35527339803073,0.39058526567742596
2024-01-01 00:00:15.600,0.7307307660357457,-0.5546911614028224,9.762250862606994,20.891543093187,3.144660026342563,44.48436182060401,0.39308817568748394
2024-01-01 00:00:15.620,0.6823729969245635,-0.5504479525579046,9.783739451880935,20.611508867173583,3.3097772087196757,44.61941917700526,0.3930311107834035
2024-01-01 00:00:15.640,0.6234280280512337,-0.620189543514546,9.818986597730392,20.40636834713159,2.5480700622816403,44.733876464234015,0.3967856922444064
2024-01-01 00:00:15.660,0.6786679867518122,-0.5884431573897078,9.731663127414116,20.601609448426554,2.4793834838699103,44.925062713211716,0.39497899656814395
2024-01-01 00:00:15.680,0.5438217765586137,-0.6084828557113593,9.81257913638033,20.31536409870024,2.1901895125913247,44.77336915889426,0.3932134607892778
2024-01-01 00:00:15.700,0.49350862418376995,-0.6492885948418443,9.779007870631382,20.209455030395873,1.744054229288437,44.80693714868814,0.39368814453071926
2024-01-01 00:00:15.720,0.518570570615495,-0.6775762917055184,9.72681986464049,20.350200524604748,1.7272465110175532,45.21128430237415,0.3932789946673255
2024-01-01 00:00:15.740,0.4738769463503535,-0.6551372602237815,9.771679973296232,20.08252832314187,1.4824068803770363,44.879314106818654,0.392784741941526
2024-01-01 00:00:15.760,0.4298857698755322,-0.7246278138444054,9.749025986688812,20.09008737476738,1.1341015598722084,45.31539399381018,0.3910257155163405
2024-01-01 00:00:15.780,0.4108984916244342,-0.720175040845572,9.78916891881592,19.899587860380862,0.700870511553009,45.073502318109774,0.3928884661558811
2024-01-01 00:00:15.800,0.38744583903509866,-0.7847427922702584,9.757772365249725,19.615740829609337,0.6748396991059015,45.477627791252296,0.3916983733978121
2024-01-01 00:00:15.820,0.30930649834112217,-0.7912111809383575,9.797518680103812,19.39536452449416,0.18391974885579487,45.34052467146224,0.3906899388332708
2024-01-01 00:00:15.840,0.261052059100922,-0.8251246008075711,9.775505011161199,19.42304780152041,-0.13239979345334246,45.30955418565149,0.3942130135402122
2024-01-01 00:00:15.860,0.23381916635253433,-0.7882535037099583,9.784649091079084,19.227575803676135,-0.17445859362781005,45.418547304926214,0.39397309923098356
2024-01-01 00:00:15.880,0.2045178238635407,-0.8275050575137528,9.76634697047136,19.20584760327083,-0.2880139611619368,45.47203397055764,0.38961715488838095
2024-01-01 00:00:15.900,0.13112080361384712,-0.8491390054055488,9.760954690091818,19.062818023458274,-0.5525470853035093,45.675083324957896,0.39294520063612687
2024-01-01 00:00:15.920,0.16518559045884262,-0.8380955901338961,9.788704797635093,18.876541718902555,-0.7912309785821856,45.761243147244535,0.39518197268289473
2024-01-01 00:00:15.940,0.08769813374700029,-0.9014193784396969,9.7304740776596,18.995355600511054,-1.1609036682232234,45.82389376724996,0.3953090173889098
2024-01-01 00:00:15.960,0.03169195215408459,-0.9160169313545496,9.773597369400118,18.76704789747638,-1.4366396727913688,46.09536781455318,0.3952422435968876
2024-01-01 00:00:15.980,0.01408609101047597,-0.911552307320575,9.744173574609992,18.476621697800315,-1.7379172526087396,45.99866257807528,0.39326839632489785
